Workbook

Sheet A组
A1: date | B1: country | C1: userid | D1: username | E1: register_time | F1: Total Stake | G1: Total Stake on Sports | H1: Total Stake on Games | I1: Total GGR | J1: Total Sports GGR | K1: Total Gaming GGR | L1: Total Deposit (usd) | M1: Total Deposit (local) | N1: The latest 90days Deposit (usd) | O1: The latest 90days Deposit (local) | P1: User Preference | Q1: deposit_category | R1: label | S1: No-Deposit Sports Coupon(odd>2.5) | T1: casinobonus | U1: VIP-type | V1: sex | W1: first_name | X1: last_name | Y1: birthday | Z1: temp_birthday | AA1: email | AB1: 号段 | AC1: 通讯商
A2: 2026-06-08 | B2: gh | C2: 20937650 | D2: 233200425461 | E2: 46045.916 | F2: 601.52 | G2: 0.08 | H2: 601.45 | I2: 31.31 | J2: -0.03 | K2: 31.34 | L2: 139.38 | M2: 1812 | N2: 123.62 | O2: 1607 | P2: casino-user | Q2: [50,1000) | R2: Group A | S2: 0 | T2: 0 | U2: 0 | AB2: 20 | AC2: Telecel
A3: 2026-06-08 | B3: gh | C3: 11241392 | D3: 233202423882 | E3: 45238.629 | F3: 0 | G3: 0 | H3: 0 | I3: 0 | J3: 0 | K3: 0 | L3: 192.31 | M3: 2500 | N3: 0 | O3: 0 | P3: unknown | Q3: [50,1000) | R3: Group A | S3: 120 | T3: 0 | U3: 0 | AB3: 20 | AC3: Telecel
A4: 2026-06-08 | B4: gh | C4: 6855101 | D4: 233500578321 | E4: 44611.508 | F4: 13871.94 | G4: 3.54 | H4: 13868.4 | I4: -282.77 | J4: 3.54 | K4: -286.31 | L4: 1661.46 | M4: 21599 | N4: 710.23 | O4: 9233 | P4: aviator-user | Q4: [1000,10w) | R4: Group A | S4: 0 | T4: 0 | U4: 0 | AB4: 50 | AC4: Telecel
A5: 2026-06-08 | B5: gh | C5: 22913470 | D5: 233503326514 | E5: 46159.657 | F5: 0.08 | G5: 0 | H5: 0.08 | I5: 0.08 | J5: 0 | K5: 0.08 | L5: 60 | M5: 780 | N5: 60 | O5: 780 | P5: casino-user | Q5: [50,1000) | R5: Group A | S5: 0 | T5: 0 | U5: 0 | AB5: 50 | AC5: Telecel
A6: 2026-06-08 | B6: gh | C6: 22843761 | D6: 233506502760 | E6: 46155.296 | F6: 813.54 | G6: 0 | H6: 813.54 | I6: 93.07 | J6: 0 | K6: 93.07 | L6: 137 | M6: 1781 | N6: 137 | O6: 1781 | P6: casino-user | Q6: [50,1000) | R6: Group A | S6: 0 | T6: 0 | U6: 0 | AB6: 50 | AC6: Telecel
A7: 2026-06-08 | B7: gh | C7: 11240940 | D7: 233507814734 | E7: 45238.607 | F7: 0 | G7: 0 | H7: 0 | I7: 0 | J7: 0 | K7: 0 | L7: 192.31 | M7: 2500 | N7: 0 | O7: 0 | P7: unknown | Q7: [50,1000) | R7: Group A | S7: 120 | T7: 0 | U7: 0 | AB7: 50 | AC7: Telecel
A8: 2026-06-08 | B8: gh | C8: 21802200 | D8: 233240254349 | E8: 46090.992 | F8: 546.31 | G8: 0.23 | H8: 546.08 | I8: 38.36 | J8: -0.39 | K8: 38.75 | L8: 77.38 | M8: 1006 | N8: 77.38 | O8: 1006 | P8: casino-user | Q8: [50,1000) | R8: Group A | S8: 0 | T8: 0 | U8: 0 | AB8: 24 | AC8: MTN
A9: 2026-06-08 | B9: gh | C9: 22978641 | D9: 233243952996 | E9: 46164.335 | F9: 5306.65 | G9: 0.08 | H9: 5306.58 | I9: 1900.81 | J9: 0.08 | K9: 1900.74 | L9: 1900.85 | M9: 24711 | N9: 1900.85 | O9: 24711 | P9: aviator-user | Q9: [1000,10w) | R9: Group A | S9: 0 | T9: 0 | U9: 0 | AB9: 24 | AC9: MTN
A10: 2026-06-08 | B10: gh | C10: 22818780 | D10: 233248914647 | E10: 46153.04 | F10: 384.62 | G10: 0 | H10: 384.62 | I10: 384.62 | J10: 0 | K10: 384.62 | L10: 384.62 | M10: 5000 | N10: 384.62 | O10: 5000 | P10: aviator-user | Q10: [50,1000) | R10: Group A | S10: 0 | T10: 0 | U10: 0 | AB10: 24 | AC10: MTN
A11: 2026-06-08 | B11: gh | C11: 22742322 | D11: 233256999078 | E11: 46148.132 | F11: 589.57 | G11: 0 | H11: 589.57 | I11: 20.67 | J11: 0 | K11: 20.67 | L11: 170.77 | M11: 2220 | N11: 170.77 | O11: 2220 | P11: casino-user | Q11: [50,1000) | R11: Group A | S11: 0 | T11: 0 | U11: 0 | AB11: 25 | AC11: MTN
A12: 2026-06-08 | B12: gh | C12: 20291542 | D12: 233257286401 | E12: 46015.344 | F12: 394.58 | G12: 5.85 | H12: 388.74 | I12: 31.53 | J12: 2.96 | K12: 28.57 | L12: 55.92 | M12: 727 | N12: 0.38 | O12: 5 | P12: casino-user | Q12: [50,1000) | R12: Group A | S12: 0 | T12: 0 | U12: 0 | AB12: 25 | AC12: MTN
A13: 2026-06-08 | B13: gh | C13: 16346011 | D13: 233257564352 | E13: 45769.07 | F13: 26964.28 | G13: 53.31 | H13: 26910.98 | I13: 1148.53 | J13: 53.31 | K13: 1095.22 | L13: 4923.69 | M13: 64008 | N13: 1960.31 | O13: 25484 | P13: aviator-user | Q13: [1000,10w) | R13: Group A | S13: 0 | T13: 0 | U13: 1 | V13: 1 | AB13: 25 | AC13: MTN
A14: 2026-06-08 | B14: gh | C14: 19820951 | D14: 233257685762 | E14: 45992.293 | F14: 11861.52 | G14: 0 | H14: 11861.52 | I14: 260.41 | J14: 0 | K14: 260.41 | L14: 1264.08 | M14: 16433 | N14: 61.92 | O14: 805 | P14: aviator-user | Q14: [1000,10w) | R14: Group A | S14: 0 | T14: 0 | U14: 0 | AB14: 25 | AC14: MTN
A15: 2026-06-08 | B15: gh | C15: 18715910 | D15: 233530876873 | E15: 45929.45 | F15: 1664.84 | G15: 7.08 | H15: 1657.77 | I15: 104.29 | J15: 1.14 | K15: 103.14 | L15: 258 | M15: 3354 | N15: 9.23 | O15: 120 | P15: casino-user | Q15: [50,1000) | R15: Group A | S15: 0 | T15: 0 | U15: 0 | AB15: 53 | AC15: MTN
A16: 2026-06-08 | B16: gh | C16: 20948881 | D16: 233531138233 | E16: 46046.631 | F16: 1200.21 | G16: 6.15 | H16: 1193.13 | I16: 157.78 | J16: 3.57 | K16: 154.21 | L16: 440.77 | M16: 5730 | N16: 328.69 | O16: 4273 | P16: casino-user | Q16: [50,1000) | R16: Group A | S16: 0 | T16: 0 | U16: 0 | AB16: 53 | AC16: MTN
A17: 2026-06-08 | B17: gh | C17: 13666322 | D17: 233531439036 | E17: 45546.753 | F17: 13124.32 | G17: 3004.86 | H17: 10119.46 | I17: 876.37 | J17: 60.48 | K17: 815.89 | L17: 4562.38 | M17: 59311 | N17: 752.85 | O17: 9787 | P17: bet&casino-user | Q17: [1000,10w) | R17: Group A | S17: 500 | T17: 0 | U17: 0 | AB17: 53 | AC17: MTN
A18: 2026-06-08 | B18: gh | C18: 20538991 | D18: 233531966836 | E18: 46026.563 | F18: 89.35 | G18: 56.6 | H18: 32.75 | I18: 4.65 | J18: 3.67 | K18: 0.97 | L18: 56.85 | M18: 739 | N18: 26.69 | O18: 347 | P18: bet&casino-user | Q18: [50,1000) | R18: Group A | S18: 120 | T18: 0 | U18: 0 | AB18: 53 | AC18: MTN
A19: 2026-06-08 | B19: gh | C19: 23003012 | D19: 233535425471 | E19: 46166.371 | F19: 3439.19 | G19: 0 | H19: 3439.19 | I19: 340.82 | J19: 0 | K19: 340.82 | L19: 496.15 | M19: 6450 | N19: 496.15 | O19: 6450 | P19: aviator-user | Q19: [50,1000) | R19: Group A | S19: 0 | T19: 0 | U19: 0 | AB19: 53 | AC19: MTN
A20: 2026-06-08 | B20: gh | C20: 22487841 | D20: 233535831756 | E20: 46130.258 | F20: 653.63 | G20: 0 | H20: 653.63 | I20: 16.15 | J20: 0 | K20: 16.15 | L20: 74.62 | M20: 970 | N20: 74.62 | O20: 970 | P20: casino-user | Q20: [50,1000) | R20: Group A | S20: 0 | T20: 0 | U20: 0 | AB20: 53 | AC20: MTN
A21: 2026-06-08 | B21: gh | C21: 17640241 | D21: 233537499088 | E21: 45868.011 | F21: 3709.24 | G21: 5.77 | H21: 3701.62 | I21: 182.81 | J21: 3.33 | K21: 179.48 | L21: 627.69 | M21: 8160 | N21: 286 | O21: 3718 | P21: casino-user | Q21: [50,1000) | R21: Group A | S21: 0 | T21: 0 | U21: 0 | AB21: 53 | AC21: MTN
A22: 2026-06-08 | B22: gh | C22: 21642371 | D22: 233537704967 | E22: 46082.693 | F22: 3185.59 | G22: 0 | H22: 3185.59 | I22: 180.68 | J22: 0 | K22: 180.68 | L22: 629.08 | M22: 8178 | N22: 533.69 | O22: 6938 | P22: casino-user | Q22: [50,1000) | R22: Group A | S22: 0 | T22: 0 | U22: 0 | AB22: 53 | AC22: MTN
A23: 2026-06-08 | B23: gh | C23: 20169110 | D23: 233539043315 | E23: 46008.791 | F23: 2346.51 | G23: 7.72 | H23: 2338.09 | I23: 140.2 | J23: -0.59 | K23: 140.79 | L23: 603.54 | M23: 7846 | N23: 319.15 | O23: 4149 | P23: casino-user | Q23: [50,1000) | R23: Group A | S23: 0 | T23: 0 | U23: 0 | AB23: 53 | AC23: MTN
A24: 2026-06-08 | B24: gh | C24: 22362211 | D24: 233539614598 | E24: 46122.726 | F24: 163.6 | G24: 0 | H24: 163.6 | I24: 31.53 | J24: 0 | K24: 31.53 | L24: 70 | M24: 910 | N24: 70 | O24: 910 | P24: casino-user | Q24: [50,1000) | R24: Group A | S24: 0 | T24: 0 | U24: 0 | AB24: 53 | AC24: MTN
A25: 2026-06-08 | B25: gh | C25: 19307471 | D25: 233542275666 | E25: 45967.707 | F25: 103.21 | G25: 15.93 | H25: 87.27 | I25: 37.92 | J25: 14 | K25: 23.92 | L25: 56.54 | M25: 735 | N25: 33.92 | O25: 441 | P25: bet&casino-user | Q25: [50,1000) | R25: Group A | S25: 120 | T25: 0 | U25: 0 | AB25: 54 | AC25: MTN
A26: 2026-06-08 | B26: gh | C26: 22317092 | D26: 233544687595 | E26: 46120.867 | F26: 140.15 | G26: 0 | H26: 140.15 | I26: -16.47 | J26: 0 | K26: -16.47 | L26: 58.92 | M26: 766 | N26: 58.92 | O26: 766 | P26: aviator-user | Q26: [50,1000) | R26: Group A | S26: 0 | T26: 0 | U26: 0 | AB26: 54 | AC26: MTN
A27: 2026-06-08 | B27: gh | C27: 19137112 | D27: 233544979077 | E27: 45956.742 | F27: 74748.59 | G27: 0 | H27: 74748.59 | I27: 3443.81 | J27: 0 | K27: 3443.81 | L27: 5996.15 | M27: 77950 | N27: 3642.46 | O27: 47352 | P27: casino-user | Q27: [1000,10w) | R27: Group A | S27: 0 | T27: 0 | U27: 1 | V27: 1 | AB27: 54 | AC27: MTN
A28: 2026-06-08 | B28: gh | C28: 5832722 | D28: 233545295774 | E28: 44522.556 | F28: 114.31 | G28: 5.38 | H28: 108.92 | I28: 13.05 | J28: -13.87 | K28: 26.92 | L28: 51.54 | M28: 670 | N28: 15.38 | O28: 200 | P28: aviator-user | Q28: [50,1000) | R28: Group A | S28: 0 | T28: 0 | U28: 0 | AB28: 54 | AC28: MTN
A29: 2026-06-08 | B29: gh | C29: 19569981 | D29: 233545807815 | E29: 45980.548 | F29: 2098.99 | G29: 0 | H29: 2098.99 | I29: 214.22 | J29: 0 | K29: 214.22 | L29: 426.46 | M29: 5544 | N29: 311.85 | O29: 4054 | P29: casino-user | Q29: [50,1000) | R29: Group A | S29: 0 | T29: 0 | U29: 0 | AB29: 54 | AC29: MTN
A30: 2026-06-08 | B30: gh | C30: 14873540 | D30: 233548155384 | E30: 45625.071 | F30: 33457.13 | G30: 115.82 | H30: 33341.31 | I30: 812.48 | J30: 49.33 | K30: 763.15 | L30: 7091.54 | M30: 92190 | N30: 4053.46 | O30: 52695 | P30: aviator-user | Q30: [1000,10w) | R30: Group A | S30: 0 | T30: 0 | U30: 1 | V30: 1 | AB30: 54 | AC30: MTN
A31: 2026-06-08 | B31: gh | C31: 18738320 | D31: 233548694876 | E31: 45931.26 | F31: 1555.58 | G31: 1.08 | H31: 1554.51 | I31: 82.13 | J31: 1.08 | K31: 81.06 | L31: 103.46 | M31: 1345 | N31: 59.85 | O31: 778 | P31: aviator-user | Q31: [50,1000) | R31: Group A | S31: 0 | T31: 0 | U31: 0 | AB31: 54 | AC31: MTN
A32: 2026-06-08 | B32: gh | C32: 16073481 | D32: 233548989747 | E32: 45744.806 | F32: 714.83 | G32: 0 | H32: 714.83 | I32: -10.1 | J32: 0 | K32: -10.1 | L32: 331.54 | M32: 4310 | N32: 0 | O32: 0 | P32: aviator-user | Q32: [50,1000) | R32: Group A | S32: 0 | T32: 0 | U32: 0 | AB32: 54 | AC32: MTN
A33: 2026-06-08 | B33: gh | C33: 21356012 | D33: 233549920355 | E33: 46068.975 | F33: 512.05 | G33: 171.17 | H33: 340.88 | I33: 148.65 | J33: 116.18 | K33: 32.47 | L33: 232.62 | M33: 3024 | N33: 155.92 | O33: 2027 | P33: bet&casino-user | Q33: [50,1000) | R33: Group A | S33: 120 | T33: 0 | U33: 0 | AB33: 54 | AC33: MTN
A34: 2026-06-08 | B34: gh | C34: 22923760 | D34: 233551995862 | E34: 46160.615 | F34: 611.47 | G34: 0 | H34: 611.47 | I34: 16.51 | J34: 0 | K34: 16.51 | L34: 78.46 | M34: 1020 | N34: 78.46 | O34: 1020 | P34: aviator-user | Q34: [50,1000) | R34: Group A | S34: 0 | T34: 0 | U34: 0 | AB34: 55 | AC34: MTN
A35: 2026-06-08 | B35: gh | C35: 8899321 | D35: 233552808730 | E35: 44856.409 | F35: 803.47 | G35: 0 | H35: 803.47 | I35: -74.31 | J35: 0 | K35: -33.92 | L35: 257.31 | M35: 3345 | N35: 0 | O35: 0 | P35: casino-user | Q35: [50,1000) | R35: Group A | S35: 0 | T35: 0 | U35: 0 | AB35: 55 | AC35: MTN
A36: 2026-06-08 | B36: gh | C36: 21631392 | D36: 233557444083 | E36: 46082.314 | F36: 289.42 | G36: 0 | H36: 289.42 | I36: 16.05 | J36: 0 | K36: 16.05 | L36: 78 | M36: 1014 | N36: 52.69 | O36: 685 | P36: aviator-user | Q36: [50,1000) | R36: Group A | S36: 0 | T36: 0 | U36: 0 | AB36: 55 | AC36: MTN
A37: 2026-06-08 | B37: gh | C37: 18720280 | D37: 233594085826 | E37: 45929.761 | F37: 510.65 | G37: 0 | H37: 510.65 | I37: 40.21 | J37: 0 | K37: 40.21 | L37: 126.38 | M37: 1643 | N37: 14.23 | O37: 185 | P37: casino-user | Q37: [50,1000) | R37: Group A | S37: 0 | T37: 0 | U37: 0 | AB37: 59 | AC37: MTN
A38: 2026-06-05 | B38: gh | C38: 19498712 | D38: 233201534803 | E38: 45976.899 | F38: 8367.08 | G38: 27.01 | H38: 8340.08 | I38: 151.92 | J38: -0.75 | K38: 152.67 | L38: 1893.92 | M38: 24621 | N38: 919.23 | O38: 11950 | P38: aviator-user | Q38: [1000,10w) | R38: Group A | S38: 0 | T38: 0 | U38: 0 | AB38: 20 | AC38: Telecel
A39: 2026-06-05 | B39: gh | C39: 22491221 | D39: 233204251901 | E39: 46130.449 | F39: 5858.33 | G39: 0.08 | H39: 5858.25 | I39: 178.2 | J39: -0.09 | K39: 178.3 | L39: 904.92 | M39: 11764 | N39: 904.92 | O39: 11764 | P39: aviator-user | Q39: [50,1000) | R39: Group A | S39: 0 | T39: 0 | U39: 0 | AB39: 20 | AC39: Telecel
A40: 2026-06-05 | B40: gh | C40: 20072952 | D40: 233505307892 | E40: 46003.704 | F40: 543.26 | G40: 1.62 | H40: 541.65 | I40: 25.31 | J40: 1.33 | K40: 23.98 | L40: 250.69 | M40: 3259 | N40: 87.85 | O40: 1142 | P40: aviator-user | Q40: [50,1000) | R40: Group A | S40: 0 | T40: 0 | U40: 0 | AB40: 50 | AC40: Telecel
A41: 2026-06-05 | B41: gh | C41: 22718402 | D41: 233241107011 | E41: 46145.92 | F41: 2796.86 | G41: 0 | H41: 2796.86 | I41: -102.44 | J41: 0 | K41: -102.44 | L41: 543.46 | M41: 7065 | N41: 543.46 | O41: 7065 | P41: aviator-user | Q41: [50,1000) | R41: Group A | S41: 0 | T41: 0 | U41: 0 | AB41: 24 | AC41: MTN
A42: 2026-06-05 | B42: gh | C42: 20112922 | D42: 233243087488 | E42: 46005.788 | F42: 11748.57 | G42: 0.77 | H42: 11747.8 | I42: 212.31 | J42: 0.77 | K42: 211.54 | L42: 1545.92 | M42: 20097 | N42: 1064 | O42: 13832 | P42: aviator-user | Q42: [1000,10w) | R42: Group A | S42: 0 | T42: 0 | U42: 0 | AB42: 24 | AC42: MTN
A43: 2026-06-05 | B43: gh | C43: 22153971 | D43: 233243902182 | E43: 46110.927 | F43: 73153.42 | G43: 0 | H43: 73153.42 | I43: 2927.24 | J43: 0 | K43: 2927.24 | L43: 8069.69 | M43: 104906 | N43: 8069.69 | O43: 104906 | P43: aviator-user | Q43: [1000,10w) | R43: Group A | S43: 0 | T43: 0 | U43: 1 | V43: 1 | AB43: 24 | AC43: MTN
A44: 2026-06-05 | B44: gh | C44: 17731132 | D44: 233246278056 | E44: 45871.941 | F44: 5325.31 | G44: 0.23 | H44: 5325.08 | I44: 572.3 | J44: -0.04 | K44: 572.35 | L44: 1124.23 | M44: 14615 | N44: 2.31 | O44: 30 | P44: casino-user | Q44: [1000,10w) | R44: Group A | S44: 0 | T44: 0 | U44: 0 | AB44: 24 | AC44: MTN
A45: 2026-06-05 | B45: gh | C45: 17657980 | D45: 233246486641 | E45: 45869.359 | F45: 3646.12 | G45: 0 | H45: 3646.12 | I45: -134.23 | J45: 0 | K45: -134.23 | L45: 901.92 | M45: 11725 | N45: 198.77 | O45: 2584 | P45: aviator-user | Q45: [50,1000) | R45: Group A | S45: 0 | T45: 0 | U45: 0 | AB45: 24 | AC45: MTN
A46: 2026-06-05 | B46: gh | C46: 22469281 | D46: 233247574216 | E46: 46128.82 | F46: 438.46 | G46: 0 | H46: 438.46 | I46: 290.38 | J46: -0.2 | K46: 290.58 | L46: 328.85 | M46: 4275 | N46: 328.85 | O46: 4275 | P46: aviator-user | Q46: [50,1000) | R46: Group A | S46: 0 | T46: 0 | U46: 0 | AB46: 24 | AC46: MTN
A47: 2026-06-05 | B47: gh | C47: 22478120 | D47: 233247850749 | E47: 46129.498 | F47: 958.31 | G47: 0 | H47: 958.31 | I47: -76.39 | J47: 0 | K47: -76.39 | L47: 259.38 | M47: 3372 | N47: 259.38 | O47: 3372 | P47: casino-user | Q47: [50,1000) | R47: Group A | S47: 0 | T47: 0 | U47: 0 | AB47: 24 | AC47: MTN
A48: 2026-06-05 | B48: gh | C48: 18959650 | D48: 233256605971 | E48: 45946.025 | F48: 184.77 | G48: 0.15 | H48: 184.62 | I48: 30.25 | J48: 0.15 | K48: 30.1 | L48: 93.38 | M48: 1214 | N48: 0 | O48: 0 | P48: casino-user | Q48: [50,1000) | R48: Group A | S48: 0 | T48: 0 | U48: 0 | AB48: 25 | AC48: MTN
A49: 2026-06-05 | B49: gh | C49: 16998061 | D49: 233257783811 | E49: 45822.462 | F49: 3839.48 | G49: 0 | H49: 3839.48 | I49: 193.97 | J49: 0 | K49: 193.97 | L49: 1598.77 | M49: 20784 | N49: 8.77 | O49: 114 | P49: casino-user | Q49: [1000,10w) | R49: Group A | S49: 0 | T49: 0 | U49: 0 | AB49: 25 | AC49: MTN
A50: 2026-06-05 | B50: gh | C50: 18153361 | D50: 233533515688 | E50: 45895.633 | F50: 412.44 | G50: 0.15 | H50: 412.28 | I50: 42.38 | J50: 0.15 | K50: 42.23 | L50: 135.92 | M50: 1767 | N50: 0.46 | O50: 6 | P50: casino-user | Q50: [50,1000) | R50: Group A | S50: 0 | T50: 0 | U50: 0 | AB50: 53 | AC50: MTN
A51: 2026-06-05 | B51: gh | C51: 22068621 | D51: 233538468651 | E51: 46105.812 | F51: 323.6 | G51: 0.23 | H51: 323.37 | I51: 16.76 | J51: 0.1 | K51: 16.67 | L51: 55.23 | M51: 718 | N51: 55.23 | O51: 718 | P51: aviator-user | Q51: [50,1000) | R51: Group A | S51: 0 | T51: 0 | U51: 0 | AB51: 53 | AC51: MTN
A52: 2026-06-05 | B52: gh | C52: 16509181 | D52: 233539291766 | E52: 45778.652 | F52: 284.51 | G52: 1.15 | H52: 283.36 | I52: 60.82 | J52: 0.14 | K52: 60.68 | L52: 102.38 | M52: 1331 | N52: 19.62 | O52: 255 | P52: aviator-user | Q52: [50,1000) | R52: Group A | S52: 0 | T52: 0 | U52: 0 | AB52: 53 | AC52: MTN
A53: 2026-06-05 | B53: gh | C53: 14398531 | D53: 233539695179 | E53: 45597.835 | F53: 3418.63 | G53: 23.83 | H53: 3394.8 | I53: 48.49 | J53: 18.59 | K53: 29.9 | L53: 417.08 | M53: 5422 | N53: 241.54 | O53: 3140 | P53: casino-user | Q53: [50,1000) | R53: Group A | S53: 0 | T53: 0 | U53: 0 | AB53: 53 | AC53: MTN
A54: 2026-06-05 | B54: gh | C54: 16067102 | D54: 233541818650 | E54: 45743.612 | F54: 1943.83 | G54: 0.46 | H54: 1943.37 | I54: 133.83 | J54: 0.46 | K54: 133.37 | L54: 295.38 | M54: 3840 | N54: 19.23 | O54: 250 | P54: casino-user | Q54: [50,1000) | R54: Group A | S54: 0 | T54: 0 | U54: 0 | AB54: 54 | AC54: MTN
A55: 2026-06-05 | B55: gh | C55: 20540411 | D55: 233542675398 | E55: 46026.62 | F55: 2524.47 | G55: 42.54 | H55: 2481.93 | I55: -67.87 | J55: 40.85 | K55: -108.72 | L55: 563.69 | M55: 7328 | N55: 61.15 | O55: 795 | P55: aviator-user | Q55: [50,1000) | R55: Group A | S55: 0 | T55: 0 | U55: 0 | AB55: 54 | AC55: MTN
... A62: 2026-06-05 | B62: gh | C62: 21762342 | D62: 233592580788 | E62: 46088.879 | F62: 3018.07 | G62: 0 | H62: 3018.07 | I62: 255.76 | J62: 0 | K62: 255.76 | L62: 648.54 | M62: 8431 | N62: 648.54 | O62: 8431 | P62: casino-user | Q62: [50,1000) | R62: Group A | S62: 0 | T62: 0 | U62: 0 | AB62: 59 | AC62: MTN
A63: 2026-06-04 | B63: gh | C63: 22296861 | D63: 233202510472 | E63: 46119.682 | F63: 348.68 | G63: 0 | H63: 348.68 | I63: 12.06 | J63: 0 | K63: 12.06 | L63: 53.46 | M63: 695 | N63: 53.46 | O63: 695 | P63: aviator-user | Q63: [50,1000) | R63: Group A | S63: 0 | T63: 0 | U63: 0
A64: 2026-06-04 | B64: gh | C64: 22838630 | D64: 233208326265 | E64: 46154.769 | F64: 3318.93 | G64: 0 | H64: 3318.93 | I64: 41.77 | J64: 0 | K64: 41.77 | L64: 505.23 | M64: 6568 | N64: 505.23 | O64: 6568 | P64: aviator-user | Q64: [50,1000) | R64: Group A | S64: 0 | T64: 0 | U64: 0
A65: 2026-06-04 | B65: gh | C65: 22543560 | D65: 233245688964 | E65: 46134.334 | F65: 1152.35 | G65: 0.08 | H65: 1151.58 | I65: 64.65 | J65: 0.08 | K65: 64.58 | L65: 248.92 | M65: 3236 | N65: 248.92 | O65: 3236 | P65: casino-user | Q65: [50,1000) | R65: Group A | S65: 0 | T65: 0 | U65: 0
A66: 2026-06-04 | B66: gh | C66: 16876812 | D66: 233247247678 | E66: 45811.72 | F66: 290.51 | G66: 6.77 | H66: 283.74 | I66: 30.46 | J66: 5.83 | K66: 24.63 | L66: 70.08 | M66: 911 | N66: 0 | O66: 0 | P66: casino-user | Q66: [50,1000) | R66: Group A | S66: 0 | T66: 0 | U66: 0
A67: 2026-06-04 | B67: gh | C67: 22631271 | D67: 233247393151 | E67: 46139.901 | F67: 402.37 | G67: 176.72 | H67: 225.65 | I67: 141.84 | J67: 126.76 | K67: 15.09 | L67: 166.85 | M67: 2169 | N67: 166.85 | O67: 2169 | P67: bet&casino-user | Q67: [50,1000) | R67: Group A | S67: 120 | T67: 0 | U67: 0
A68: 2026-06-04 | B68: gh | C68: 18287460 | D68: 233249488836 | E68: 45902.911 | F68: 300.6 | G68: 0 | H68: 300.6 | I68: 59.22 | J68: 0 | K68: 59.22 | L68: 66.15 | M68: 860 | N68: 13.46 | O68: 175 | P68: casino-user | Q68: [50,1000) | R68: Group A | S68: 0 | T68: 0 | U68: 0
A69: 2026-06-04 | B69: gh | C69: 19175361 | D69: 233256304920 | E69: 45959.569 | F69: 3605.82 | G69: 0 | H69: 3605.82 | I69: 26.2 | J69: 0 | K69: 26.2 | L69: 354.69 | M69: 4611 | N69: 59.92 | O69: 779 | P69: casino-user | Q69: [50,1000) | R69: Group A | S69: 0 | T69: 0 | U69: 0
A70: 2026-06-04 | B70: gh | C70: 10075832 | D70: 233256916100 | E70: 45084.763 | F70: 127.06 | G70: 0 | H70: 127.06 | I70: 28.74 | J70: 0 | K70: 28.74 | L70: 62.31 | M70: 810 | N70: 0 | O70: 0 | P70: casino-user | Q70: [50,1000) | R70: Group A | S70: 0 | T70: 0 | U70: 0
A71: 2026-06-04 | B71: gh | C71: 19094430 | D71: 233257443175 | E71: 45953.831 | F71: 629.06 | G71: 333.02 | H71: 296.04 | I71: 49.54 | J71: 25.18 | K71: 24.37 | L71: 213.38 | M71: 2774 | N71: 35.85 | O71: 466 | P71: bet&casino-user | Q71: [50,1000) | R71: Group A | S71: 120 | T71: 0 | U71: 0
A72: 2026-06-04 | B72: gh | C72: 18500020 | D72: 233257519851 | E72: 45916.371 | F72: 4462.55 | G72: 1.08 | H72: 4461.47 | I72: 353.77 | J72: 0.71 | K72: 353.06 | L72: 1842.46 | M72: 23952 | N72: 842.38 | O72: 10951 | P72: casino-user | Q72: [1000,10w) | R72: Group A | S72: 0 | T72: 0 | U72: 0
A73: 2026-06-04 | B73: gh | C73: 18692450 | D73: 233502784330 | E73: 45927.559 | F73: 787.1 | G73: 0.54 | H73: 785.18 | I73: 44.15 | J73: 0.54 | K73: 43.61 | L73: 116 | M73: 1508 | N73: 25.85 | O73: 336 | P73: casino-user | Q73: [50,1000) | R73: Group A | S73: 0 | T73: 0 | U73: 0
A74: 2026-06-04 | B74: gh | C74: 18838470 | D74: 233503718805 | E74: 45937.555 | F74: 1460.65 | G74: 89 | H74: 1371.65 | I74: -28.2 | J74: 89 | K74: -117.2 | L74: 363.54 | M74: 4726 | N74: 0 | O74: 0 | P74: aviator-user | Q74: [50,1000) | R74: Group A | S74: 0 | T74: 0 | U74: 0
... A100: 2026-06-04 | B100: gh | C100: 16868920 | D100: 233599668929 | E100: 45811.027 | F100: 5873.26 | G100: 17.15 | H100: 5856.11 | I100: 614.9 | J100: 17.15 | K100: 597.75 | L100: 1199.46 | M100: 15593 | N100: 0 | O100: 0 | P100: aviator-user | Q100: [1000,10w) | R100: Group A | S100: 0 | T100: 0 | U100: 0
A101: 2026-06-03 | B101: gh | C101: 18285030 | D101: 233205674321 | E101: 45902.794 | F101: 3801.46 | G101: 3.17 | H101: 3798.3 | I101: 200.69 | J101: 2.55 | K101: 198.13 | L101: 769.92 | M101: 10009 | N101: 247.38 | O101: 3216 | P101: aviator-user | Q101: [50,1000) | R101: Group A | S101: 0 | T101: 0 | U101: 0
A102: 2026-06-03 | B102: gh | C102: 19014180 | D102: 233206412771 | E102: 45949.023 | F102: 2228.5 | G102: 0 | H102: 2228.5 | I102: 23.26 | J102: 0 | K102: 23.26 | L102: 404.62 | M102: 5260 | N102: 1.54 | O102: 20 | P102: casino-user | Q102: [50,1000) | R102: Group A | S102: 0 | T102: 0 | U102: 0
A103: 2026-06-03 | B103: gh | C103: 7801700 | D103: 233242773533 | E103: 44672.57 | F103: 578.62 | G103: 0 | H103: 578.62 | I103: -23.35 | J103: 0 | K103: -23.35 | L103: 76.92 | M103: 1000 | N103: 76.92 | O103: 1000 | P103: casino-user | Q103: [50,1000) | R103: Group A | S103: 0 | T103: 0 | U103: 0
A104: 2026-06-03 | B104: gh | C104: 17534360 | D104: 233242983501 | E104: 45861.785 | F104: 1745.41 | G104: 0 | H104: 1745.41 | I104: 153.68 | J104: 0 | K104: 153.68 | L104: 320.23 | M104: 4163 | N104: 1.54 | O104: 20 | P104: aviator-user | Q104: [50,1000) | R104: Group A | S104: 0 | T104: 0 | U104: 0
A105: 2026-06-03 | B105: gh | C105: 21305071 | D105: 233245374329 | E105: 46066.322 | F105: 770.54 | G105: 0 | H105: 770.54 | I105: -71.03 | J105: 0 | K105: -71.03 | L105: 212.08 | M105: 2757 | N105: 103.77 | O105: 1349 | P105: casino-user | Q105: [50,1000) | R105: Group A | S105: 0 | T105: 0 | U105: 0
A106: 2026-06-03 | B106: gh | C106: 21896912 | D106: 233245923424 | E106: 46095.772 | F106: 852.6 | G106: 1.85 | H106: 850.75 | I106: -8.78 | J106: 1.7 | K106: -10.48 | L106: 171.92 | M106: 2235 | N106: 171.92 | O106: 2235 | P106: casino-user | Q106: [50,1000) | R106: Group A | S106: 0 | T106: 0 | U106: 0
A107: 2026-06-03 | B107: gh | C107: 22557042 | D107: 233246969922 | E107: 46135.337 | F107: 296.97 | G107: 10.04 | H107: 286.92 | I107: 28.44 | J107: 8.77 | K107: 19.67 | L107: 128.15 | M107: 1666 | N107: 128.15 | O107: 1666 | P107: casino-user | Q107: [50,1000) | R107: Group A | S107: 0 | T107: 0 | U107: 0
A108: 2026-06-03 | B108: gh | C108: 20594860 | D108: 233248070816 | E108: 46029.514 | F108: 650.87 | G108: 3.85 | H108: 647.03 | I108: 71.12 | J108: 3.85 | K108: 67.28 | L108: 71.15 | M108: 925 | N108: 12.31 | O108: 160 | P108: casino-user | Q108: [50,1000) | R108: Group A | S108: 0 | T108: 0 | U108: 0
A109: 2026-06-03 | B109: gh | C109: 19371962 | D109: 233248356133 | E109: 45971.461 | F109: 910.65 | G109: 0.15 | H109: 910.49 | I109: 51.58 | J109: 0.15 | K109: 51.43 | L109: 109.69 | M109: 1426 | N109: 0.38 | O109: 5 | P109: casino-user | Q109: [50,1000) | R109: Group A | S109: 0 | T109: 0 | U109: 0
A110: 2026-06-03 | B110: gh | C110: 17525512 | D110: 233277807786 | E110: 45861.19 | F110: 133.29 | G110: 0 | H110: 133.29 | I110: 15.21 | J110: 0 | K110: 15.21 | L110: 51.92 | M110: 675 | N110: 24.62 | O110: 320 | P110: casino-user | Q110: [50,1000) | R110: Group A | S110: 0 | T110: 0 | U110: 0
A111: 2026-06-03 | B111: gh | C111: 10634700 | D111: 233500244589 | E111: 45179.021 | F111: 6511.04 | G111: 0.08 | H111: 6510.96 | I111: 429.22 | J111: -0.61 | K111: 429.83 | L111: 1527.62 | M111: 19859 | N111: 1.15 | O111: 15 | P111: casino-user | Q111: [1000,10w) | R111: Group A | S111: 0 | T111: 0 | U111: 0
A112: 2026-06-03 | B112: gh | C112: 16715920 | D112: 233502672121 | E112: 45795.602 | F112: 25450.95 | G112: 453.2 | H112: 24997.76 | I112: 932.76 | J112: 68.23 | K112: 864.53 | L112: 3097.31 | M112: 40265 | N112: 759.15 | O112: 9869 | P112: aviator-user | Q112: [1000,10w) | R112: Group A | S112: 0 | T112: 0 | U112: 0
... A132: 2026-06-03 | B132: gh | C132: 18294781 | D132: 233599049022 | E132: 45903.505 | F132: 16353.02 | G132: 0 | H132: 16353.02 | I132: 462.89 | J132: -0.14 | K132: 463.03 | L132: 2660.77 | M132: 34590 | N132: 2660.77 | O132: 34590 | P132: aviator-user | Q132: [1000,10w) | R132: Group A | S132: 0 | T132: 0 | U132: 0
A133: 2026-06-02 | B133: gh | C133: 5048000 | D133: 233201683310 | E133: 44389.273 | F133: 679.54 | G133: 1.31 | H133: 678.23 | I133: -10.91 | J133: 1.31 | K133: -12.22 | L133: 65.92 | M133: 857 | N133: 58.23 | O133: 756.99 | P133: aviator-user | Q133: [50,1000) | R133: A组 | S133: 0 | T133: 0 | U133: 0
A134: 2026-06-02 | B134: gh | C134: 22742231 | D134: 233201775602 | E134: 46148.113 | F134: 363.04 | G134: 0 | H134: 363.04 | I134: 46.83 | J134: -0.17 | K134: 47 | L134: 112.92 | M134: 1468 | N134: 112.92 | O134: 1467.96 | P134: aviator-user | Q134: [50,1000) | R134: A组 | S134: 0 | T134: 0 | U134: 0
A135: 2026-06-02 | B135: gh | C135: 17577170 | D135: 233207394944 | E135: 45863.711 | F135: 8101.79 | G135: 0 | H135: 8101.79 | I135: 40.46 | J135: 0 | K135: 40.46 | L135: 1418.69 | M135: 18443 | N135: 603.54 | O135: 7846.02 | P135: aviator-user | Q135: [1000,10w) | R135: A组 | S135: 0 | T135: 0 | U135: 0
A136: 2026-06-02 | B136: gh | C136: 16634140 | D136: 233209260780 | E136: 45786.662 | F136: 7410.92 | G136: 1.08 | H136: 7409.85 | I136: 336.59 | J136: -0.16 | K136: 336.75 | L136: 725.31 | M136: 9429 | N136: 1450.62 | O136: 18858.06 | P136: aviator-user | Q136: [50,1000) | R136: A组 | S136: 0 | T136: 0 | U136: 0
A137: 2026-06-02 | B137: gh | C137: 19614452 | D137: 233242720495 | E137: 45982.232 | F137: 290.68 | G137: 0 | H137: 290.68 | I137: 27.82 | J137: 0 | K137: 27.82 | L137: 58.62 | M137: 762 | N137: 58.62 | O137: 762.06 | P137: casino-user | Q137: [50,1000) | R137: A组 | S137: 0 | T137: 0 | U137: 0
A138: 2026-06-02 | B138: gh | C138: 22846240 | D138: 233243016610 | E138: 46155.465 | F138: 815.73 | G138: 0 | H138: 815.73 | I138: 254.2 | J138: 0 | K138: 254.2 | L138: 408.08 | M138: 5305 | N138: 408.08 | O138: 5305.04 | P138: aviator-user | Q138: [50,1000) | R138: A组 | S138: 0 | T138: 0 | U138: 0
A139: 2026-06-02 | B139: gh | C139: 11448881 | D139: 233243243365 | E139: 45253.521 | F139: 53237.08 | G139: 6.29 | H139: 53230.78 | I139: 2653.82 | J139: 6.29 | K139: 2647.53 | L139: 6053.23 | M139: 78692 | N139: 988.69 | O139: 12852.97 | P139: aviator-user | Q139: [1000,10w) | R139: A组 | S139: 0 | T139: 0 | U139: 1 | V139: 1
A140: 2026-06-02 | B140: gh | C140: 18935441 | D140: 233244893284 | E140: 45944.061 | F140: 4491.57 | G140: 3.86 | H140: 4487.71 | I140: -78.01 | J140: 3.86 | K140: -81.88 | L140: 1759.08 | M140: 22868 | N140: 1707.15 | O140: 22192.95 | P140: aviator-user | Q140: [1000,10w) | R140: A组 | S140: 0 | T140: 0 | U140: 0
A141: 2026-06-02 | B141: gh | C141: 17945461 | D141: 233245294616 | E141: 45884.313 | F141: 136.6 | G141: 0 | H141: 136.6 | I141: 0.2 | J141: -0.21 | K141: 0.42 | L141: 82.15 | M141: 1068 | N141: 14.92 | O141: 193.96 | P141: casino-user | Q141: [50,1000) | R141: A组 | S141: 0 | T141: 0 | U141: 0
A142: 2026-06-02 | B142: gh | C142: 19631921 | D142: 233245616781 | E142: 45982.89 | F142: 264.55 | G142: 11 | H142: 253.55 | I142: 13.51 | J142: 3.75 | K142: 9.76 | L142: 78.31 | M142: 1018 | N142: 25.38 | O142: 329.94 | P142: casino-user | Q142: [50,1000) | R142: A组 | S142: 0 | T142: 0 | U142: 0
A143: 2026-06-02 | B143: gh | C143: 19766812 | D143: 233247657338 | E143: 45989.421 | F143: 2705.57 | G143: 3.62 | H143: 2701.96 | I143: -226.12 | J143: 3.53 | K143: -229.65 | L143: 905.38 | M143: 11770 | N143: 0 | O143: 0 | P143: casino-user | Q143: [50,1000) | R143: A组 | S143: 0 | T143: 0 | U143: 0
A144: 2026-06-02 | B144: gh | C144: 22679150 | D144: 233247904073 | E144: 46142.892 | F144: 849 | G144: 0 | H144: 849 | I144: 39.69 | J144: 0 | K144: 39.69 | L144: 162.85 | M144: 2117 | N144: 162.85 | O144: 2117.05 | P144: casino-user | Q144: [50,1000) | R144: A组 | S144: 0 | T144: 0 | U144: 0
A145: 2026-06-02 | B145: gh | C145: 20788561 | D145: 233256634713 | E145: 46038.511 | F145: 654.61 | G145: 2.69 | H145: 651.92 | I145: 33.38 | J145: 2.69 | K145: 30.69 | L145: 88.69 | M145: 1153 | N145: 0 | O145: 0 | P145: aviator-user | Q145: [50,1000) | R145: A组 | S145: 0 | T145: 0 | U145: 0
A146: 2026-06-02 | B146: gh | C146: 18467342 | D146: 233275324742 | E146: 45913.77 | F146: 1628.01 | G146: 1.54 | H146: 1626.48 | I146: 67.11 | J146: 1.34 | K146: 65.78 | L146: 268.54 | M146: 3491 | N146: 0 | O146: 0 | P146: aviator-user | Q146: [50,1000) | R146: A组 | S146: 0 | T146: 0 | U146: 0
A147: 2026-06-02 | B147: gh | C147: 17052492 | D147: 233503441168 | E147: 45826.743 | F147: 176.96 | G147: 0 | H147: 176.96 | I147: 80.92 | J147: 0 | K147: 80.92 | L147: 80.92 | M147: 1052 | N147: 0 | O147: 0 | P147: aviator-user | Q147: [50,1000) | R147: A组 | S147: 0 | T147: 0 | U147: 0
A148: 2026-06-02 | B148: gh | C148: 17523041 | D148: 233504756403 | E148: 45860.871 | F148: 2023.17 | G148: 0 | H148: 2023.17 | I148: 60.05 | J148: 0 | K148: 60.05 | L148: 253.15 | M148: 3291 | N148: 245.85 | O148: 3196.05 | P148: casino-user | Q148: [50,1000) | R148: A组 | S148: 0 | T148: 0 | U148: 0
A149: 2026-06-02 | B149: gh | C149: 21170082 | D149: 233530490066 | E149: 46059.055 | F149: 1570.56 | G149: 46.45 | H149: 1524.11 | I149: 105.62 | J149: 15.93 | K149: 89.69 | L149: 596.85 | M149: 7759 | N149: 524.77 | O149: 6822.01 | P149: aviator-user | Q149: [50,1000) | R149: A组 | S149: 0 | T149: 0 | U149: 0
A150: 2026-06-02 | B150: gh | C150: 17359491 | D150: 233531263528 | E150: 45849.257 | F150: 528.77 | G150: 0 | H150: 528.77 | I150: 68.61 | J150: 0 | K150: 68.61 | L150: 212.46 | M150: 2762 | N150: 21.69 | O150: 281.97 | P150: casino-user | Q150: [50,1000) | R150: A组 | S150: 0 | T150: 0 | U150: 0
...

Sheet B组
A1: date | B1: country | C1: userid | D1: username | E1: register_time | F1: Total Stake | G1: Total Stake on Sports | H1: Total Stake on Games | I1: Total GGR | J1: Total Sports GGR | K1: Total Gaming GGR | L1: Total Deposit (usd) | M1: Total Deposit (local) | N1: The latest 90days Deposit (usd) | O1: The latest 90days Deposit (local) | P1: User Preference | Q1: deposit_category | R1: label | S1: No-Deposit Sports Coupon(odd>2.5) | T1: casinobonus | U1: VIP-type | V1: sex | W1: first_name | X1: last_name | Y1: birthday | Z1: temp_birthday | AA1: email | AB1: 号段 | AC1: 通讯商
A2: 2026-06-08 | B2: gh | C2: 22400003 | D2: 233201359579 | E2: 46124.903 | F2: 1191.41 | G2: 0 | H2: 1191.41 | I2: 125.54 | J2: -0.14 | K2: 125.67 | L2: 194.08 | M2: 2523 | N2: 194.08 | O2: 2523 | P2: aviator-user | Q2: [50,1000) | R2: Group B | S2: 0 | T2: 126 | U2: 0 | AB2: 20 | AC2: Telecel
A3: 2026-06-08 | B3: gh | C3: 18111154 | D3: 233202159883 | E3: 45892.909 | F3: 729.72 | G3: 0 | H3: 729.72 | I3: 0.93 | J3: 0 | K3: 0.93 | L3: 375.46 | M3: 4881 | N3: 237.77 | O3: 3091 | P3: aviator-user | Q3: [50,1000) | R3: Group B | S3: 0 | T3: 155 | U3: 0 | AB3: 20 | AC3: Telecel
A4: 2026-06-08 | B4: gh | C4: 11300113 | D4: 233202438559 | E4: 45243.507 | F4: 0 | G4: 0 | H4: 0 | I4: 0 | J4: 0 | K4: 0 | L4: 115.38 | M4: 1500 | N4: 0 | O4: 0 | P4: unknown | Q4: [50,1000) | R4: Group B | S4: 120 | T4: 0 | U4: 0 | AB4: 20 | AC4: Telecel
A5: 2026-06-08 | B5: gh | C5: 22786134 | D5: 233500556145 | E5: 46150.523 | F5: 4278.66 | G5: 0 | H5: 4278.66 | I5: 371.61 | J5: 0 | K5: 371.61 | L5: 1015 | M5: 13195 | N5: 1015 | O5: 13195 | P5: aviator-user | Q5: [1000,10w) | R5: Group B | S5: 0 | T5: 660 | U5: 0 | AB5: 50 | AC5: Telecel
A6: 2026-06-08 | B6: gh | C6: 18348573 | D6: 233500580056 | E6: 45906.238 | F6: 3858.05 | G6: 0 | H6: 3858.05 | I6: 73.49 | J6: 0 | K6: 73.49 | L6: 1966.42 | M6: 25563.5 | N6: 874.85 | O6: 11373 | P6: casino-user | Q6: [1000,10w) | R6: Group B | S6: 0 | T6: 569 | U6: 0 | AB6: 50 | AC6: Telecel
A7: 2026-06-08 | B7: gh | C7: 20899433 | D7: 233505126375 | E7: 46043.953 | F7: 378.82 | G7: 0 | H7: 377.43 | I7: 14.05 | J7: 0 | K7: 14.05 | L7: 66.38 | M7: 863 | N7: 51 | O7: 663 | P7: casino-user | Q7: [50,1000) | R7: Group B | S7: 0 | T7: 33 | U7: 0 | AB7: 50 | AC7: Telecel
A8: 2026-06-08 | B8: gh | C8: 21825435 | D8: 233505415114 | E8: 46092.223 | F8: 21584.54 | G8: 0 | H8: 21584.54 | I8: 290.18 | J8: 0 | K8: 290.18 | L8: 2253.85 | M8: 29300 | N8: 2253.85 | O8: 29300 | P8: aviator-user | Q8: [1000,10w) | R8: Group B | S8: 0 | T8: 1465 | U8: 0 | AB8: 50 | AC8: Telecel
A9: 2026-06-08 | B9: gh | C9: 22999645 | D9: 233509066010 | E9: 46165.967 | F9: 305.27 | G9: 0 | H9: 305.27 | I9: 80.77 | J9: 0 | K9: 80.77 | L9: 80.77 | M9: 1050 | N9: 80.77 | O9: 1050 | P9: casino-user | Q9: [50,1000) | R9: Group B | S9: 0 | T9: 52 | U9: 0 | AB9: 50 | AC9: Telecel
A10: 2026-06-08 | B10: gh | C10: 19970315 | D10: 233509875276 | E10: 45999.38 | F10: 173.72 | G10: 29.92 | H10: 143.8 | I10: 44.29 | J10: 24.38 | K10: 19.91 | L10: 82.15 | M10: 1068 | N10: 48.92 | O10: 636 | P10: bet&casino-user | Q10: [50,1000) | R10: Group B | S10: 120 | T10: 16 | U10: 0 | AB10: 50 | AC10: Telecel
A11: 2026-06-08 | B11: gh | C11: 22843754 | D11: 233264612466 | E11: 46155.295 | F11: 8535.52 | G11: 0 | H11: 8535.52 | I11: -287.7 | J11: 0 | K11: -287.7 | L11: 527.69 | M11: 6860 | N11: 527.69 | O11: 6860 | P11: aviator-user | Q11: [50,1000) | R11: Group B | S11: 0 | T11: 343 | U11: 0 | AB11: 26 | AC11: AirtelTigo
A12: 2026-06-08 | B12: gh | C12: 19415225 | D12: 233267635627 | E12: 45973.854 | F12: 177.67 | G12: 99.25 | H12: 78.42 | I12: 62.99 | J12: 47.04 | K12: 15.95 | L12: 127.15 | M12: 1653 | N12: 14.85 | O12: 193 | P12: bet&casino-user | Q12: [50,1000) | R12: Group B | S12: 120 | T12: 5 | U12: 0 | AB12: 26 | AC12: AirtelTigo
A13: 2026-06-08 | B13: gh | C13: 20729693 | D13: 233268228181 | E13: 46035.43 | F13: 7524.73 | G13: 0 | H13: 7524.73 | I13: 464.14 | J13: 0 | K13: 464.14 | L13: 1941.31 | M13: 25237 | N13: 1825.92 | O13: 23737 | P13: aviator-user | Q13: [1000,10w) | R13: Group B | S13: 0 | T13: 1187 | U13: 0 | AB13: 26 | AC13: AirtelTigo
... A33: 2026-06-08 | B33: gh | C33: 19665645 | D33: 233537951485 | E33: 45984.597 | F33: 235.22 | G33: 0 | H33: 235.22 | I33: 19.72 | J33: 0 | K33: 19.72 | L33: 61.77 | M33: 803 | N33: 3.46 | O33: 45 | P33: casino-user | Q33: [50,1000) | R33: Group B | S33: 0 | T33: 2 | U33: 0 | AB33: 53 | AC33: MTN
A34: 2026-06-08 | B34: gh | C34: 19622364 | D34: 233540312088 | E34: 45982.53 | F34: 29300.89 | G34: 27.37 | H34: 29273.52 | I34: -820.64 | J34: 21.49 | K34: -842.13 | L34: 9965.54 | M34: 129552 | N34: 314.15 | O34: 4084 | P34: aviator-user | Q34: [1000,10w) | R34: Group B | S34: 0 | T34: 204 | U34: 1 | V34: 1 | AB34: 54 | AC34: MTN
A35: 2026-06-08 | B35: gh | C35: 22387195 | D35: 233540576978 | E35: 46124.302 | F35: 400 | G35: 0 | H35: 400 | I35: -19.23 | J35: 0 | K35: -19.23 | L35: 138.46 | M35: 1800 | N35: 138.46 | O35: 1800 | P35: casino-user | Q35: [50,1000) | R35: Group B | S35: 0 | T35: 90 | U35: 0 | AB35: 54 | AC35: MTN
A36: 2026-06-08 | B36: gh | C36: 13794514 | D36: 233541576758 | E36: 45556.626 | F36: 4337.2 | G36: 1421.21 | H36: 2915.99 | I36: 599.69 | J36: 426.23 | K36: 173.46 | L36: 1847.46 | M36: 24017 | N36: 208.31 | O36: 2708 | P36: bet&casino-user | Q36: [1000,10w) | R36: Group B | S36: 500 | T36: 68 | U36: 0 | AB36: 54 | AC36: MTN
A37: 2026-06-08 | B37: gh | C37: 20226304 | D37: 233541808237 | E37: 46011.476 | F37: 9914.79 | G37: 78.84 | H37: 9835.96 | I37: 591.32 | J37: -12.47 | K37: 603.79 | L37: 1699.23 | M37: 22090 | N37: 1218.38 | O37: 15839 | P37: aviator-user | Q37: [1000,10w) | R37: Group B | S37: 0 | T37: 792 | U37: 0 | AB37: 54 | AC37: MTN
A38: 2026-06-08 | B38: gh | C38: 18333044 | D38: 233542168939 | E38: 45905.299 | F38: 338.13 | G38: 12 | H38: 326.13 | I38: 9.46 | J38: 0.58 | K38: 8.88 | L38: 81 | M38: 1053 | N38: 0.38 | O38: 5 | P38: aviator-user | Q38: [50,1000) | R38: Group B | S38: 0 | T38: 0 | U38: 0 | AB38: 54 | AC38: MTN
A39: 2026-06-08 | B39: gh | C39: 22889213 | D39: 233543639050 | E39: 46157.723 | F39: 28299.31 | G39: 0 | H39: 28299.31 | I39: 812.66 | J39: 0 | K39: 812.66 | L39: 3254.31 | M39: 42306 | N39: 3254.31 | O39: 42306 | P39: aviator-user | Q39: [1000,10w) | R39: Group B | S39: 0 | T39: 2115 | U39: 0 | AB39: 54 | AC39: MTN
A40: 2026-06-08 | B40: gh | C40: 17383143 | D40: 233548305001 | E40: 45850.779 | F40: 1479.85 | G40: 5.06 | H40: 1474.78 | I40: 105.99 | J40: 5.06 | K40: 100.93 | L40: 164.85 | M40: 2143 | N40: 0 | O40: 0 | P40: casino-user | Q40: [50,1000) | R40: Group B | S40: 0 | T40: 0 | U40: 0 | AB40: 54 | AC40: MTN
A41: 2026-06-08 | B41: gh | C41: 20235395 | D41: 233551286908 | E41: 46012.01 | F41: 847.51 | G41: 1.05 | H41: 846.45 | I41: 134.23 | J41: 1.05 | K41: 133.18 | L41: 195.15 | M41: 2537 | N41: 25 | O41: 325 | P41: aviator-user | Q41: [50,1000) | R41: Group B | S41: 0 | T41: 16 | U41: 0 | AB41: 55 | AC41: MTN
A42: 2026-06-08 | B42: gh | C42: 22748835 | D42: 233552383650 | E42: 46148.627 | F42: 68962.27 | G42: 0 | H42: 68962.27 | I42: 4416.46 | J42: -0.17 | K42: 4416.63 | L42: 4679.31 | M42: 60831 | N42: 4679.31 | O42: 60831 | P42: aviator-user | Q42: [1000,10w) | R42: Group B | S42: 0 | T42: 3042 | U42: 0 | AB42: 55 | AC42: MTN
A43: 2026-06-08 | B43: gh | C43: 22695905 | D43: 233552619671 | E43: 46144.265 | F43: 468.49 | G43: 2.54 | H43: 465.95 | I43: 59.44 | J43: 2.54 | K43: 56.9 | L43: 105.92 | M43: 1377 | N43: 105.92 | O43: 1377 | P43: casino-user | Q43: [50,1000) | R43: Group B | S43: 0 | T43: 69 | U43: 0 | AB43: 55 | AC43: MTN
A44: 2026-06-08 | B44: gh | C44: 14312965 | D44: 233554485255 | E44: 45593.23 | F44: 15309.44 | G44: 3.08 | H44: 15306.37 | I44: 605.49 | J44: 3.08 | K44: 602.41 | L44: 1134.54 | M44: 14749 | N44: 568.15 | O44: 7386 | P44: aviator-user | Q44: [1000,10w) | R44: Group B | S44: 0 | T44: 369 | U44: 0 | AB44: 55 | AC44: MTN
A45: 2026-06-08 | B45: gh | C45: 20505795 | D45: 233554857562 | E45: 46024.81 | F45: 4706.26 | G45: 2.87 | H45: 4703.39 | I45: 158.92 | J45: 2.63 | K45: 156.29 | L45: 597.31 | M45: 7765 | N45: 562.23 | O45: 7309 | P45: aviator-user | Q45: [50,1000) | R45: Group B | S45: 0 | T45: 365 | U45: 0 | AB45: 55 | AC45: MTN
A46: 2026-06-08 | B46: gh | C46: 22613094 | D46: 233555333290 | E46: 46138.512 | F46: 363.16 | G46: 0 | H46: 363.16 | I46: 42.69 | J46: 0 | K46: 42.69 | L46: 58.08 | M46: 755 | N46: 58.08 | O46: 755 | P46: casino-user | Q46: [50,1000) | R46: Group B | S46: 0 | T46: 38 | U46: 0 | AB46: 55 | AC46: MTN
... A60: 2026-06-05 | B60: gh | C60: 3453065 | D60: 233243788708 | E60: 44224.955 | F60: 602.23 | G60: 0 | H60: 602.23 | I60: 131.46 | J60: 0 | K60: 131.46 | L60: 131.46 | M60: 1709 | N60: 2.31 | O60: 30 | P60: casino-user | Q60: [50,1000) | R60: Group B | S60: 0 | T60: 2 | U60: 0 | AB60: 24 | AC60: MTN
A61: 2026-06-05 | B61: gh | C61: 9895703 | D61: 233246773930 | E61: 45051.695 | F61: 133581.67 | G61: 0 | H61: 133581.67 | I61: 1859.76 | J61: 0 | K61: 1859.76 | L61: 33645.31 | M61: 437389 | N61: 6278.54 | O61: 81621 | P61: casino-user | Q61: [1000,10w) | R61: Group B | S61: 0 | T61: 4081 | U61: 1 | V61: 1 | AB61: 24 | AC61: MTN
A62: 2026-06-05 | B62: gh | C62: 22107934 | D62: 233531482687 | E62: 46108.005 | F62: 248.54 | G62: 13.23 | H62: 235.31 | I62: 30.56 | J62: 8.67 | K62: 21.9 | L62: 62 | M62: 806 | N62: 62 | O62: 806 | P62: aviator-user | Q62: [50,1000) | R62: Group B | S62: 0 | T62: 40 | U62: 0 | AB62: 53 | AC62: MTN
A63: 2026-06-05 | B63: gh | C63: 9795303 | D63: 233531894257 | E63: 45034.405 | F63: 321.85 | G63: 69.54 | H63: 252.31 | I63: 17.69 | J63: 64.11 | K63: -46.42 | L63: 320.15 | M63: 4162 | N63: 59.31 | O63: 771 | P63: bet&casino-user | Q63: [50,1000) | R63: Group B | S63: 120 | T63: 19 | U63: 0 | AB63: 53 | AC63: MTN
A64: 2026-06-05 | B64: gh | C64: 18844063 | D64: 233532035600 | E64: 45937.908 | F64: 5483.1 | G64: 19.47 | H64: 5463.62 | I64: 392.92 | J64: 19.47 | K64: 373.44 | L64: 1365.38 | M64: 17750 | N64: 629.62 | O64: 8185 | P64: aviator-user | Q64: [1000,10w) | R64: Group B | S64: 0 | T64: 409 | U64: 0 | AB64: 53 | AC64: MTN
A65: 2026-06-05 | B65: gh | C65: 10684725 | D65: 233532670211 | E65: 45184.595 | F65: 5604.09 | G65: 0.85 | H65: 5603.25 | I65: 181.7 | J65: 0.6 | K65: 181.1 | L65: 586.77 | M65: 7628 | N65: 23.85 | O65: 310 | P65: aviator-user | Q65: [50,1000) | R65: Group B | S65: 0 | T65: 16 | U65: 0 | AB65: 53 | AC65: MTN
A66: 2026-06-05 | B66: gh | C66: 19680015 | D66: 233533549777 | E66: 45985.497 | F66: 279923.95 | G66: 0 | H66: 279923.95 | I66: 1953.76 | J66: -0.18 | K66: 1953.94 | L66: 25464.77 | M66: 331042 | N66: 0 | O66: 0 | P66: aviator-user | Q66: [1000,10w) | R66: Group B | S66: 0 | T66: 0 | U66: 1 | V66: 1 | AB66: 53 | AC66: MTN
A67: 2026-06-05 | B67: gh | C67: 20156004 | D67: 233534036763 | E67: 46007.994 | F67: 943.85 | G67: 3.22 | H67: 937.17 | I67: -17.01 | J67: 3.22 | K67: -20.23 | L67: 229.31 | M67: 2981 | N67: 0 | O67: 0 | P67: aviator-user | Q67: [50,1000) | R67: Group B | S67: 0 | T67: 0 | U67: 0 | AB67: 53 | AC67: MTN
A68: 2026-06-05 | B68: gh | C68: 17738463 | D68: 233536040004 | E68: 45872.597 | F68: 20289.65 | G68: 92.22 | H68: 20197.42 | I68: -332.81 | J68: 53.53 | K68: -386.34 | L68: 3564.15 | M68: 46334 | N68: 3061.85 | O68: 39804 | P68: aviator-user | Q68: [1000,10w) | R68: Group B | S68: 0 | T68: 1990 | U68: 1 | V68: 1 | AB68: 53 | AC68: MTN
A69: 2026-06-05 | B69: gh | C69: 20792863 | D69: 233539595174 | E69: 46038.666 | F69: 37770.59 | G69: 0.23 | H69: 37770.36 | I69: 2300.43 | J69: 0.23 | K69: 2300.2 | L69: 4814.77 | M69: 62592 | N69: 3441.54 | O69: 44740 | P69: aviator-user | Q69: [1000,10w) | R69: Group B | S69: 0 | T69: 2237 | U69: 1 | V69: 1 | AB69: 53 | AC69: MTN
A70: 2026-06-05 | B70: gh | C70: 13052233 | D70: 233539622144 | E70: 45436.583 | F70: 228.82 | G70: 83.46 | H70: 145.35 | I70: 32.85 | J70: 4.31 | K70: 28.54 | L70: 128.08 | M70: 1665 | N70: 3.46 | O70: 45 | P70: bet&casino-user | Q70: [50,1000) | R70: Group B | S70: 120 | T70: 1 | U70: 0 | AB70: 53 | AC70: MTN
A71: 2026-06-05 | B71: gh | C71: 20783243 | D71: 233539965983 | E71: 46038.307 | F71: 820.46 | G71: 8.71 | H71: 811.76 | I71: 35.14 | J71: -9.66 | K71: 44.8 | L71: 84.69 | M71: 1101 | N71: 19.85 | O71: 258 | P71: casino-user | Q71: [50,1000) | R71: Group B | S71: 0 | T71: 13 | U71: 0 | AB71: 53 | AC71: MTN
A72: 2026-06-05 | B72: gh | C72: 17570495 | D72: 233541140331 | E72: 45863.525 | F72: 597 | G72: 1.23 | H72: 595.77 | I72: 36.31 | J72: 1.23 | K72: 35.08 | L72: 139.15 | M72: 1809 | N72: 78 | O72: 1014 | P72: casino-user | Q72: [50,1000) | R72: Group B | S72: 0 | T72: 51 | U72: 0 | AB72: 54 | AC72: MTN
A73: 2026-06-05 | B73: gh | C73: 22399335 | D73: 233543234141 | E73: 46124.861 | F73: 2145.3 | G73: 1.15 | H73: 2144.15 | I73: 103.08 | J73: 1.15 | K73: 101.92 | L73: 451.69 | M73: 5872 | N73: 451.69 | O73: 5872 | P73: aviator-user | Q73: [50,1000) | R73: Group B | S73: 0 | T73: 294 | U73: 0 | AB73: 54 | AC73: MTN
A74: 2026-06-05 | B74: gh | C74: 22606125 | D74: 233548350363 | E74: 46137.905 | F74: 716.4 | G74: 0 | H74: 716.4 | I74: 66.2 | J74: 0 | K74: 66.2 | L74: 185.77 | M74: 2415 | N74: 185.77 | O74: 2415 | P74: aviator-user | Q74: [50,1000) | R74: Group B | S74: 0 | T74: 121 | U74: 0 | AB74: 54 | AC74: MTN
A75: 2026-06-05 | B75: gh | C75: 22518843 | D75: 233548660654 | E75: 46132.523 | F75: 705.89 | G75: 0.38 | H75: 705.28 | I75: 51.99 | J75: 0.38 | K75: 51.61 | L75: 52 | M75: 676 | N75: 52 | O75: 676 | P75: aviator-user | Q75: [50,1000) | R75: Group B | S75: 0 | T75: 34 | U75: 0 | AB75: 54 | AC75: MTN
A76: 2026-06-05 | B76: gh | C76: 20578065 | D76: 233551400667 | E76: 46028.601 | F76: 4842 | G76: 0 | H76: 4842 | I76: -523.23 | J76: 0 | K76: -523.23 | L76: 1041.92 | M76: 13545 | N76: 175.54 | O76: 2282 | P76: aviator-user | Q76: [1000,10w) | R76: Group B | S76: 0 | T76: 114 | U76: 0 | AB76: 55 | AC76: MTN
A77: 2026-06-05 | B77: gh | C77: 19609723 | D77: 233553800193 | E77: 45981.864 | F77: 13241.14 | G77: 0 | H77: 13241.14 | I77: 258.94 | J77: 0 | K77: 258.94 | L77: 981.62 | M77: 12761 | N77: 648.62 | O77: 8432 | P77: casino-user | Q77: [50,1000) | R77: Group B | S77: 0 | T77: 422 | U77: 0 | AB77: 55 | AC77: MTN
A78: 2026-06-05 | B78: gh | C78: 5586014 | D78: 233591381501 | E78: 44498.906 | F78: 2420.76 | G78: 0 | H78: 2420.76 | I78: -299.43 | J78: 0 | K78: -299.43 | L78: 1031.69 | M78: 13412 | N78: 647.62 | O78: 8419 | P78: aviator-user | Q78: [1000,10w) | R78: Group B | S78: 0 | T78: 421 | U78: 0 | AB78: 59 | AC78: MTN
A79: 2026-06-05 | B79: gh | C79: 17771453 | D79: 233598782161 | E79: 45875.295 | F79: 284.65 | G79: 0.64 | H79: 284.01 | I79: 30.31 | J79: -0.09 | K79: 30.4 | L79: 101.69 | M79: 1322 | N79: 48.85 | O79: 635 | P79: aviator-user | Q79: [50,1000) | R79: Group B | S79: 0 | T79: 32 | U79: 0 | AB79: 59 | AC79: MTN
A80: 2026-06-05 | B80: gh | C80: 21497165 | D80: 233598886565 | E80: 46076.114 | F80: 989.62 | G80: 0.69 | H80: 988.92 | I80: -1.51 | J80: 0.46 | K80: -1.96 | L80: 445.85 | M80: 5796 | N80: 350.77 | O80: 4560 | P80: casino-user | Q80: [50,1000) | R80: Group B | S80: 0 | T80: 228 | U80: 0 | AB80: 59 | AC80: MTN
A81: 2026-06-05 | B81: gh | C81: 18964363 | D81: 233272465877 | E81: 45946.435 | F81: 1206.58 | G81: 0 | H81: 1206.58 | I81: 21.52 | J81: 0 | K81: 21.52 | L81: 79.23 | M81: 1030 | N81: 0 | O81: 0 | P81: aviator-user | Q81: [50,1000) | R81: Group B | S81: 0 | T81: 0 | U81: 0 | AB81: 27 | AC81: AirtelTigo
A82: 2026-06-04 | B82: gh | C82: 18769065 | D82: 233200556260 | E82: 45932.652 | F82: 2722.4 | G82: 0 | H82: 2722.4 | I82: 254.77 | J82: 0 | K82: 254.77 | L82: 264.31 | M82: 3436 | N82: 68.23 | O82: 887 | P82: casino-user | Q82: [50,1000) | R82: Group B | S82: 0 | T82: 44 | U82: 0
A83: 2026-06-04 | B83: gh | C83: 21363744 | D83: 233201350455 | E83: 46069.466 | F83: 252.58 | G83: 7.69 | H83: 244.89 | I83: 11.61 | J83: 4.95 | K83: 6.65 | L83: 66.69 | M83: 867 | N83: 52.31 | O83: 680 | P83: aviator-user | Q83: [50,1000) | R83: Group B | S83: 0 | T83: 34 | U83: 0
A84: 2026-06-04 | B84: gh | C84: 22516984 | D84: 233203620398 | E84: 46132.417 | F84: 2405.28 | G84: 0 | H84: 2405.28 | I84: 49.45 | J84: 0 | K84: 49.45 | L84: 264.31 | M84: 3436 | N84: 264.31 | O84: 3436 | P84: aviator-user | Q84: [50,1000) | R84: Group B | S84: 0 | T84: 172 | U84: 0
A85: 2026-06-04 | B85: gh | C85: 22930183 | D85: 233205527661 | E85: 46161.293 | F85: 280.5 | G85: 0 | H85: 280.5 | I85: 27.89 | J85: -0.31 | K85: 28.19 | L85: 76.69 | M85: 997 | N85: 76.69 | O85: 997 | P85: aviator-user | Q85: [50,1000) | R85: Group B | S85: 0 | T85: 50 | U85: 0
A86: 2026-06-04 | B86: gh | C86: 22189933 | D86: 233206212547 | E86: 46113.375 | F86: 224.23 | G86: 1 | H86: 223.23 | I86: -60.04 | J86: 1 | K86: -61.04 | L86: 61.38 | M86: 798 | N86: 61.38 | O86: 798 | P86: aviator-user | Q86: [50,1000) | R86: Group B | S86: 0 | T86: 40 | U86: 0
A87: 2026-06-04 | B87: gh | C87: 20640865 | D87: 233207133573 | E87: 46030.999 | F87: 6715.03 | G87: 47.62 | H87: 6667.41 | I87: 341.1 | J87: 15.72 | K87: 325.38 | L87: 519.54 | M87: 6754 | N87: 149.23 | O87: 1940 | P87: casino-user | Q87: [50,1000) | R87: Group B | S87: 0 | T87: 97 | U87: 0
A88: 2026-06-04 | B88: gh | C88: 17404264 | D88: 233208956292 | E88: 45851.949 | F88: 2978.48 | G88: 91.97 | H88: 2886.52 | I88: 162.18 | J88: 10.11 | K88: 152.07 | L88: 479.38 | M88: 6232 | N88: 239.69 | O88: 3116 | P88: aviator-user | Q88: [50,1000) | R88: Group B | S88: 0 | T88: 156 | U88: 0
A89: 2026-06-04 | B89: gh | C89: 22477425 | D89: 233244062840 | E89: 46129.458 | F89: 431.68 | G89: 26.24 | H89: 405.44 | I89: 183.28 | J89: 16.52 | K89: 166.76 | L89: 331.69 | M89: 4312 | N89: 331.69 | O89: 4312 | P89: aviator-user | Q89: [50,1000) | R89: Group B | S89: 0 | T89: 216 | U89: 0
A90: 2026-06-04 | B90: gh | C90: 4964765 | D90: 233245937208 | E90: 44379.639 | F90: 48362.35 | G90: 8.77 | H90: 48353.58 | I90: 1752.82 | J90: 3.24 | K90: 1749.59 | L90: 2530.38 | M90: 32895 | N90: 8 | O90: 104 | P90: casino-user | Q90: [1000,10w) | R90: Group B | S90: 0 | T90: 5 | U90: 1 | V90: 1 | Z90: 14/07/1989
A91: 2026-06-04 | B91: gh | C91: 7103744 | D91: 233248112064 | E91: 44638.355 | F91: 3357.61 | G91: 10.33 | H91: 3347.28 | I91: 195.96 | J91: 10.33 | K91: 185.63 | L91: 1036.23 | M91: 13471 | N91: 34.62 | O91: 450 | P91: casino-user | Q91: [1000,10w) | R91: Group B | S91: 0 | T91: 22 | U91: 0
A92: 2026-06-04 | B92: gh | C92: 20405435 | D92: 233530789866 | E92: 46020.425 | F92: 690.21 | G92: 0 | H92: 690.21 | I92: 38.75 | J92: 0 | K92: 38.75 | L92: 120 | M92: 1560 | N92: 118.85 | O92: 1545 | P92: casino-user | Q92: [50,1000) | R92: Group B | S92: 0 | T92: 77 | U92: 0
A93: 2026-06-04 | B93: gh | C93: 22072303 | D93: 233532072837 | E93: 46106.05 | F93: 994.15 | G93: 1.31 | H93: 992.84 | I93: 71.44 | J93: 0.79 | K93: 70.65 | L93: 111.23 | M93: 1446 | N93: 111.23 | O93: 1446 | P93: casino-user | Q93: [50,1000) | R93: Group B | S93: 0 | T93: 72 | U93: 0
A94: 2026-06-04 | B94: gh | C94: 16123334 | D94: 233532698754 | E94: 45752.69 | F94: 3687.05 | G94: 3.08 | H94: 3683.97 | I94: 130.86 | J94: 1.69 | K94: 129.17 | L94: 448.46 | M94: 5830 | N94: 187.62 | O94: 2439 | P94: casino-user | Q94: [50,1000) | R94: Group B | S94: 0 | T94: 122 | U94: 0
A95: 2026-06-04 | B95: gh | C95: 12794153 | D95: 233533450790 | E95: 45405.614 | F95: 910.7 | G95: 14.69 | H95: 896.01 | I95: 54.49 | J95: 1.6 | K95: 52.88 | L95: 294.77 | M95: 3832 | N95: 0 | O95: 0 | P95: aviator-user | Q95: [50,1000) | R95: Group B | S95: 0 | T95: 0 | U95: 0
A96: 2026-06-04 | B96: gh | C96: 20395155 | D96: 233535830324 | E96: 46019.82 | F96: 325.2 | G96: 0 | H96: 325.2 | I96: 23.81 | J96: 0 | K96: 23.81 | L96: 53.85 | M96: 700 | N96: 4.46 | O96: 58 | P96: casino-user | Q96: [50,1000) | R96: Group B | S96: 0 | T96: 3 | U96: 0
A97: 2026-06-04 | B97: gh | C97: 19395433 | D97: 233537542538 | E97: 45972.776 | F97: 7483.5 | G97: 1.46 | H97: 7482.04 | I97: 90.63 | J97: 0.84 | K97: 89.79 | L97: 1305.46 | M97: 16971 | N97: 430.92 | O97: 5602 | P97: casino-user | Q97: [1000,10w) | R97: Group B | S97: 0 | T97: 280 | U97: 0
A98: 2026-06-04 | B98: gh | C98: 12533683 | D98: 233537816991 | E98: 45373.014 | F98: 860.18 | G98: 0.23 | H98: 859.95 | I98: 10.65 | J98: 0.23 | K98: 10.42 | L98: 130 | M98: 1690 | N98: 0 | O98: 0 | P98: casino-user | Q98: [50,1000) | R98: Group B | S98: 0 | T98: 0 | U98: 0
A99: 2026-06-04 | B99: gh | C99: 17825445 | D99: 233537855354 | E99: 45877.208 | F99: 132.75 | G99: 60.31 | H99: 72.45 | I99: 8.86 | J99: -2.6 | K99: 11.46 | L99: 70.85 | M99: 921 | N99: 14.62 | O99: 190 | P99: bet&casino-user | Q99: [50,1000) | R99: Group B | S99: 120 | T99: 5 | U99: 0
A100: 2026-06-04 | B100: gh | C100: 16729775 | D100: 233538672775 | E100: 45796.985 | F100: 332.76 | G100: 0 | H100: 332.76 | I100: 8.74 | J100: 0 | K100: 8.74 | L100: 110.38 | M100: 1435 | N100: 0 | O100: 0 | P100: casino-user | Q100: [50,1000) | R100: Group B | S100: 0 | T100: 0 | U100: 0
A101: 2026-06-04 | B101: gh | C101: 22479594 | D101: 233543327603 | E101: 46129.585 | F101: 1060 | G101: 0.08 | H101: 1059.92 | I101: -122.96 | J101: -0.06 | K101: -122.9 | L101: 120.77 | M101: 1570 | N101: 120.77 | O101: 1570 | P101: aviator-user | Q101: [50,1000) | R101: Group B | S101: 0 | T101: 78 | U101: 0
A102: 2026-06-04 | B102: gh | C102: 18549795 | D102: 233543354277 | E102: 45919.424 | F102: 1261.79 | G102: 0.54 | H102: 1261.25 | I102: 61.63 | J102: 0.33 | K102: 61.3 | L102: 197.38 | M102: 2566 | N102: 147.31 | O102: 1915 | P102: aviator-user | Q102: [50,1000) | R102: Group B | S102: 0 | T102: 96 | U102: 0
... A105: 2026-06-04 | B105: gh | C105: 21525025 | D105: 233548120195 | E105: 46077.526 | F105: 1311.22 | G105: 1.92 | H105: 1309.3 | I105: 53.22 | J105: 1.92 | K105: 51.3 | L105: 260 | M105: 3380 | N105: 211.23 | O105: 2746 | P105: casino-user | Q105: [50,1000) | R105: Group B | S105: 0 | T105: 137 | U105: 0
A106: 2026-06-04 | B106: gh | C106: 13448384 | D106: 233548396231 | E106: 45517.917 | F106: 50241.75 | G106: 12.77 | H106: 50228.98 | I106: 1538.85 | J106: 1.08 | K106: 1537.77 | L106: 10148.31 | M106: 131928 | N106: 5642.08 | O106: 73347 | P106: casino-user | Q106: [1000,10w) | R106: Group B | S106: 0 | T106: 3667 | U106: 1 | V106: 1
A107: 2026-06-04 | B107: gh | C107: 18480503 | D107: 233549236284 | E107: 45914.761 | F107: 1238.09 | G107: 8.55 | H107: 1229.54 | I107: 207.05 | J107: 5.41 | K107: 201.63 | L107: 415.38 | M107: 5400 | N107: 189.54 | O107: 2464 | P107: aviator-user | Q107: [50,1000) | R107: Group B | S107: 0 | T107: 123 | U107: 0
A108: 2026-06-04 | B108: gh | C108: 11180374 | D108: 233549838026 | E108: 45233.314 | F108: 1107.23 | G108: 0 | H108: 1107.23 | I108: 244.85 | J108: 0 | K108: 244.85 | L108: 270.77 | M108: 3520 | N108: 0 | O108: 0 | P108: aviator-user | Q108: [50,1000) | R108: Group B | S108: 0 | T108: 0 | U108: 0
A109: 2026-06-04 | B109: gh | C109: 22932444 | D109: 233552201343 | E109: 46161.463 | F109: 1249.27 | G109: 0 | H109: 1249.27 | I109: 3.07 | J109: 0 | K109: 3.07 | L109: 185.54 | M109: 2412 | N109: 185.54 | O109: 2412 | P109: aviator-user | Q109: [50,1000) | R109: Group B | S109: 0 | T109: 121 | U109: 0
A110: 2026-06-04 | B110: gh | C110: 20655924 | D110: 233554061539 | E110: 46031.744 | F110: 357.56 | G110: 1.92 | H110: 355.63 | I110: 0.59 | J110: 1.92 | K110: -1.33 | L110: 134.85 | M110: 1753 | N110: 130.46 | O110: 1696 | P110: aviator-user | Q110: [50,1000) | R110: Group B | S110: 0 | T110: 85 | U110: 0
A111: 2026-06-04 | B111: gh | C111: 22938233 | D111: 233554139986 | E111: 46161.924 | F111: 1450.69 | G111: 0.46 | H111: 1450.23 | I111: 92.3 | J111: 0.46 | K111: 91.84 | L111: 276.92 | M111: 3600 | N111: 276.92 | O111: 3600 | P111: casino-user | Q111: [50,1000) | R111: Group B | S111: 0 | T111: 180 | U111: 0
A112: 2026-06-04 | B112: gh | C112: 22940295 | D112: 233557446009 | E112: 46162.257 | F112: 657.69 | G112: 0 | H112: 657.69 | I112: 413.65 | J112: 0 | K112: 413.65 | L112: 1076.92 | M112: 14000 | N112: 1076.92 | O112: 14000 | P112: aviator-user | Q112: [1000,10w) | R112: Group B | S112: 0 | T112: 700 | U112: 0
A113: 2026-06-04 | B113: gh | C113: 16126013 | D113: 233591433531 | E113: 45752.906 | F113: 8838.32 | G113: 8.11 | H113: 8830.22 | I113: 357.63 | J113: 1.91 | K113: 355.72 | L113: 1810.08 | M113: 23531 | N113: 270.92 | O113: 3522 | P113: aviator-user | Q113: [1000,10w) | R113: Group B | S113: 0 | T113: 176 | U113: 0
A114: 2026-06-04 | B114: gh | C114: 14108564 | D114: 233592698408 | E114: 45577.455 | F114: 372.42 | G114: 0.46 | H114: 371.96 | I114: 16.85 | J114: 0.46 | K114: 16.38 | L114: 122 | M114: 1586 | N114: 21.31 | O114: 277 | P114: aviator-user | Q114: [50,1000) | R114: Group B | S114: 0 | T114: 14 | U114: 0
A115: 2026-06-04 | B115: gh | C115: 17785184 | D115: 233592872040 | E115: 45876.399 | F115: 202.83 | G115: 0 | H115: 202.83 | I115: 20.75 | J115: 0 | K115: 20.75 | L115: 65.23 | M115: 848 | N115: 0 | O115: 0 | P115: casino-user | Q115: [50,1000) | R115: Group B | S115: 0 | T115: 0 | U115: 0
A116: 2026-06-04 | B116: gh | C116: 20366883 | D116: 233594399517 | E116: 46018.52 | F116: 738 | G116: 2.85 | H116: 735.15 | I116: 124.23 | J116: 2.85 | K116: 121.38 | L116: 626.15 | M116: 8140 | N116: 175.77 | O116: 2285 | P116: casino-user | Q116: [50,1000) | R116: Group B | S116: 0 | T116: 114 | U116: 0
A117: 2026-06-04 | B117: gh | C117: 18519895 | D117: 233594416288 | E117: 45917.685 | F117: 1269.54 | G117: 0 | H117: 1269.54 | I117: 157.54 | J117: 0 | K117: 157.54 | L117: 510.23 | M117: 6633 | N117: 0 | O117: 0 | P117: aviator-user | Q117: [50,1000) | R117: Group B | S117: 0 | T117: 0 | U117: 0
A118: 2026-06-04 | B118: gh | C118: 17984994 | D118: 233596436153 | E118: 45886.898 | F118: 12465.12 | G118: 7.08 | H118: 12458.04 | I118: 994.77 | J118: 6.58 | K118: 988.19 | L118: 3059.46 | M118: 39773 | N118: 2193.23 | O118: 28512 | P118: aviator-user | Q118: [1000,10w) | R118: Group B | S118: 0 | T118: 1426 | U118: 0
A119: 2026-06-04 | B119: gh | C119: 18253184 | D119: 233598817455 | E119: 45900.533 | F119: 200.45 | G119: 4.31 | H119: 196.15 | I119: 42.44 | J119: 0.62 | K119: 41.82 | L119: 54 | M119: 702 | N119: 54 | O119: 702 | P119: casino-user | Q119: [50,1000) | R119: Group B | S119: 0 | T119: 35 | U119: 0
A120: 2026-06-03 | B120: gh | C120: 22722864 | D120: 233203919255 | E120: 46146.454 | F120: 11614.04 | G120: 0 | H120: 11614.04 | I120: 269.75 | J120: 0 | K120: 269.75 | L120: 806.92 | M120: 10490 | N120: 806.92 | O120: 10490 | P120: aviator-user | Q120: [50,1000) | R120: Group B | S120: 0 | T120: 524 | U120: 0
A121: 2026-06-03 | B121: gh | C121: 17561275 | D121: 233209744395 | E121: 45863.168 | F121: 595.63 | G121: 0.62 | H121: 595.02 | I121: 40.74 | J121: 0.2 | K121: 40.54 | L121: 118.69 | M121: 1543 | N121: 1.54 | O121: 20 | P121: casino-user | Q121: [50,1000) | R121: Group B | S121: 0 | T121: 1 | U121: 0
A122: 2026-06-03 | B122: gh | C122: 21221134 | D122: 233240862819 | E122: 46061.953 | F122: 234.31 | G122: 0 | H122: 234.31 | I122: 63.07 | J122: 0 | K122: 63.07 | L122: 63.08 | M122: 820 | N122: 13.08 | O122: 170 | P122: casino-user | Q122: [50,1000) | R122: Group B | S122: 0 | T122: 8 | U122: 0
A123: 2026-06-03 | B123: gh | C123: 22174763 | D123: 233241660533 | E123: 46112.385 | F123: 728.15 | G123: 0 | H123: 728.15 | I123: 50.77 | J123: 0 | K123: 50.77 | L123: 75.77 | M123: 985 | N123: 75.77 | O123: 985 | P123: aviator-user | Q123: [50,1000) | R123: Group B | S123: 0 | T123: 49 | U123: 0
A124: 2026-06-03 | B124: gh | C124: 10718495 | D124: 233243686986 | E124: 45187.74 | F124: 371.69 | G124: 0 | H124: 371.69 | I124: 13.2 | J124: 0 | K124: 13.2 | L124: 85.38 | M124: 1110 | N124: 15.38 | O124: 200 | P124: casino-user | Q124: [50,1000) | R124: Group B | S124: 0 | T124: 10 | U124: 0
A125: 2026-06-03 | B125: gh | C125: 22517423 | D125: 233243919366 | E125: 46132.444 | F125: 1733.26 | G125: 0 | H125: 1733.26 | I125: 170.09 | J125: 0 | K125: 170.09 | L125: 378.77 | M125: 4924 | N125: 378.77 | O125: 4924 | P125: casino-user | Q125: [50,1000) | R125: Group B | S125: 0 | T125: 246 | U125: 0
A126: 2026-06-03 | B126: gh | C126: 18882804 | D126: 233244290896 | E126: 45939.925 | F126: 190109.39 | G126: 3873.58 | H126: 186235.81 | I126: -11039.88 | J126: 1778.85 | K126: -12818.74 | L126: 621.54 | M126: 8080 | N126: 1.54 | O126: 20 | P126: aviator-user | Q126: [50,1000) | R126: Group B | S126: 0 | T126: 1 | U126: 1 | V126: 1
A127: 2026-06-03 | B127: gh | C127: 22540114 | D127: 233244778254 | E127: 46133.962 | F127: 1019.97 | G127: 0 | H127: 1019.97 | I127: 69.5 | J127: 0 | K127: 69.5 | L127: 114 | M127: 1482 | N127: 114 | O127: 1482 | P127: casino-user | Q127: [50,1000) | R127: Group B | S127: 0 | T127: 74 | U127: 0
A128: 2026-06-03 | B128: gh | C128: 13671925 | D128: 233245586585 | E128: 45547.405 | F128: 325.19 | G128: 0 | H128: 325.19 | I128: 19.11 | J128: 0 | K128: 19.11 | L128: 74 | M128: 962 | N128: 3.85 | O128: 50 | P128: aviator-user | Q128: [50,1000) | R128: Group B | S128: 0 | T128: 2 | U128: 0
A129: 2026-06-03 | B129: gh | C129: 21784384 | D129: 233247020883 | E129: 46090.053 | F129: 18324.77 | G129: 0 | H129: 18324.77 | I129: 457.85 | J129: 0 | K129: 457.85 | L129: 7693.85 | M129: 100020 | N129: 7693.85 | O129: 100020 | P129: casino-user | Q129: [1000,10w) | R129: Group B | S129: 0 | T129: 5001 | U129: 0
A130: 2026-06-03 | B130: gh | C130: 19182934 | D130: 233249835515 | E130: 45960.305 | F130: 1859.75 | G130: 0 | H130: 1859.75 | I130: 242.35 | J130: 0 | K130: 242.35 | L130: 365.85 | M130: 4756 | N130: 20.38 | O130: 265 | P130: aviator-user | Q130: [50,1000) | R130: Group B | S130: 0 | T130: 13 | U130: 0
A131: 2026-06-03 | B131: gh | C131: 20448775 | D131: 233257087428 | E131: 46022.594 | F131: 367.5 | G131: 0 | H131: 367.5 | I131: 16.97 | J131: 0 | K131: 16.97 | L131: 50.08 | M131: 651 | N131: 1.54 | O131: 20 | P131: aviator-user | Q131: [50,1000) | R131: Group B | S131: 0 | T131: 1 | U131: 0
A132: 2026-06-03 | B132: gh | C132: 22503005 | D132: 233500340384 | E132: 46131.367 | F132: 985.33 | G132: 2.28 | H132: 983.04 | I132: 43.5 | J132: 2.28 | K132: 41.22 | L132: 102.23 | M132: 1329 | N132: 102.23 | O132: 1329 | P132: aviator-user | Q132: [50,1000) | R132: Group B | S132: 0 | T132: 66 | U132: 0
A133: 2026-06-03 | B133: gh | C133: 22694405 | D133: 233501302726 | E133: 46144.073 | F133: 0.88 | G133: 0 | H133: 0.88 | I133: 0.76 | J133: -0.12 | K133: 0.88 | L133: 80.38 | M133: 1045 | N133: 80.38 | O133: 1045 | P133: aviator-user | Q133: [50,1000) | R133: Group B | S133: 0 | T133: 52 | U133: 0
A134: 2026-06-03 | B134: gh | C134: 19920945 | D134: 233504718376 | E134: 45996.615 | F134: 427.54 | G134: 0.54 | H134: 427 | I134: 9.46 | J134: 0.54 | K134: 8.92 | L134: 76.38 | M134: 993 | N134: 5.69 | O134: 74 | P134: casino-user | Q134: [50,1000) | R134: Group B | S134: 0 | T134: 4 | U134: 0
...

Sheet C组
A1: date | B1: country | C1: userid | D1: username | E1: register_time | F1: Total Stake | G1: Total Stake on Sports | H1: Total Stake on Games | I1: Total GGR | J1: Total Sports GGR | K1: Total Gaming GGR | L1: Total Deposit (usd) | M1: Total Deposit (local) | N1: The latest 90days Deposit (usd) | O1: The latest 90days Deposit (local) | P1: User Preference | Q1: deposit_category | R1: label | S1: No-Deposit Sports Coupon(odd>2.5) | T1: casinobonus | U1: VIP-type | V1: sex | W1: first_name | X1: last_name | Y1: birthday | Z1: temp_birthday | AA1: email | AB1: 号段 | AC1: 通讯商
A2: 2026-06-08 | B2: gh | C2: 22965717 | D2: 233200444912 | E2: 46163.618 | F2: 1971.46 | G2: 0 | H2: 1971.46 | I2: 214.54 | J2: 0 | K2: 214.54 | L2: 336.85 | M2: 4379 | N2: 336.85 | O2: 4379 | P2: aviator-user | Q2: [50,1000) | R2: Group C | S2: 0 | T2: 219 | U2: 0 | AB2: 20 | AC2: Telecel
A3: 2026-06-08 | B3: gh | C3: 17022597 | D3: 233502081093 | E3: 45824.501 | F3: 379.19 | G3: 66.51 | H3: 312.68 | I3: 3.83 | J3: -49.3 | K3: 53.13 | L3: 160.15 | M3: 2082 | N3: 97.46 | O3: 1267 | P3: bet&casino-user | Q3: [50,1000) | R3: Group C | S3: 120 | T3: 52 | U3: 0 | AB3: 50 | AC3: Telecel
A4: 2026-06-08 | B4: gh | C4: 21942736 | D4: 233503517522 | E4: 46098.63 | F4: 630.23 | G4: 0 | H4: 630.23 | I4: 237.95 | J4: 0 | K4: 237.95 | L4: 384.62 | M4: 5000 | N4: 384.62 | O4: 5000 | P4: casino-user | Q4: [50,1000) | R4: Group C | S4: 0 | T4: 250 | U4: 0 | AB4: 50 | AC4: Telecel
A5: 2026-06-08 | B5: gh | C5: 21330248 | D5: 233507375778 | E5: 46067.603 | F5: 728.91 | G5: 422.48 | H5: 306.43 | I5: -254.69 | J5: -324.08 | K5: 69.39 | L5: 454 | M5: 5902 | N5: 356.69 | O5: 4637 | P5: bet&casino-user | Q5: [50,1000) | R5: Group C | S5: 120 | T5: 148 | U5: 0 | AB5: 50 | AC5: Telecel
A6: 2026-06-08 | B6: gh | C6: 6990358 | D6: 233270922498 | E6: 44625.425 | F6: 7119.97 | G6: 0.85 | H6: 7119.12 | I6: 311.22 | J6: 0.85 | K6: 310.38 | L6: 865.69 | M6: 11254 | N6: 98.85 | O6: 1285 | P6: casino-user | Q6: [50,1000) | R6: Group C | S6: 0 | T6: 563 | U6: 0 | AB6: 27 | AC6: AirtelTigo
A7: 2026-06-08 | B7: gh | C7: 20414886 | D7: 233279862324 | E7: 46020.778 | F7: 273.27 | G7: 0 | H7: 273.27 | I7: 15.52 | J7: 0 | K7: 15.52 | L7: 70.15 | M7: 912 | N7: 1.54 | O7: 20 | P7: casino-user | Q7: [50,1000) | R7: Group C | S7: 0 | T7: 46 | U7: 0 | AB7: 27 | AC7: AirtelTigo
A8: 2026-06-08 | B8: gh | C8: 22506286 | D8: 233240252836 | E8: 46131.541 | F8: 296.65 | G8: 0 | H8: 296.65 | I8: 18.07 | J8: 0 | K8: 18.07 | L8: 177.08 | M8: 2302 | N8: 177.08 | O8: 2302 | P8: casino-user | Q8: [50,1000) | R8: Group C | S8: 0 | T8: 115 | U8: 0 | AB8: 24 | AC8: MTN
A9: 2026-06-08 | B9: gh | C9: 9587987 | D9: 233244070496 | E9: 44998.778 | F9: 281.35 | G9: 0 | H9: 281.35 | I9: 35.77 | J9: 0 | K9: 35.77 | L9: 66.54 | M9: 865 | N9: 16.15 | O9: 210 | P9: casino-user | Q9: [50,1000) | R9: Group C | S9: 0 | T9: 43 | U9: 0 | AB9: 24 | AC9: MTN
A10: 2026-06-08 | B10: gh | C10: 17414157 | D10: 233246896108 | E10: 45853.048 | F10: 7053 | G10: 0 | H10: 7053 | I10: 184.96 | J10: 0 | K10: 184.96 | L10: 599.15 | M10: 7789 | N10: 129.92 | O10: 1689 | P10: casino-user | Q10: [50,1000) | R10: Group C | S10: 0 | T10: 389 | U10: 0 | AB10: 24 | AC10: MTN
A11: 2026-06-08 | B11: gh | C11: 21012646 | D11: 233247456529 | E11: 46050.612 | F11: 744.2 | G11: 0 | H11: 744.2 | I11: 47.05 | J11: 0 | K11: 47.05 | L11: 267.15 | M11: 3473 | N11: 89.69 | O11: 1166 | P11: casino-user | Q11: [50,1000) | R11: Group C | S11: 0 | T11: 174 | U11: 0 | AB11: 24 | AC11: MTN
A12: 2026-06-08 | B12: gh | C12: 22884327 | D12: 233248896339 | E12: 46157.406 | F12: 132.27 | G12: 0 | H12: 132.27 | I12: 31.89 | J12: 0 | K12: 31.89 | L12: 84.23 | M12: 1095 | N12: 84.23 | O12: 1095 | P12: aviator-user | Q12: [50,1000) | R12: Group C | S12: 0 | T12: 55 | U12: 0 | AB12: 24 | AC12: MTN
A13: 2026-06-08 | B13: gh | C13: 10343166 | D13: 233530602308 | E13: 45138.554 | F13: 1076.85 | G13: 174 | H13: 902.85 | I13: 133.15 | J13: 64.67 | K13: 68.48 | L13: 366.54 | M13: 4765 | N13: 209.08 | O13: 2718 | P13: bet&casino-user | Q13: [50,1000) | R13: Group C | S13: 120 | T13: 119 | U13: 0 | AB13: 53 | AC13: MTN
... A39: 2026-06-08 | B39: gh | C39: 19217737 | D39: 233558069824 | E39: 45961.902 | F39: 428.03 | G39: 4.62 | H39: 422.49 | I39: 21.98 | J39: 4.07 | K39: 17.91 | L39: 80.08 | M39: 1041 | N39: 3.08 | O39: 40 | P39: casino-user | Q39: [50,1000) | R39: Group C | S39: 0 | T39: 52 | U39: 0 | AB39: 55 | AC39: MTN
A40: 2026-06-08 | B40: gh | C40: 22021019 | D40: 233591831636 | E40: 46103.112 | F40: 44803.84 | G40: 0 | H40: 44803.84 | I40: 985.3 | J40: -0.21 | K40: 985.52 | L40: 5958.85 | M40: 77465 | N40: 5958.85 | O40: 77465 | P40: aviator-user | Q40: [1000,10w) | R40: Group C | S40: 0 | T40: 3873 | U40: 1 | V40: 1 | AB40: 59 | AC40: MTN
A41: 2026-06-08 | B41: gh | C41: 22938699 | D41: 233592211220 | E41: 46161.982 | F41: 3295.49 | G41: 0 | H41: 3295.49 | I41: 170.68 | J41: 0 | K41: 170.68 | L41: 329.46 | M41: 4283 | N41: 329.46 | O41: 4283 | P41: aviator-user | Q41: [50,1000) | R41: Group C | S41: 0 | T41: 214 | U41: 0 | AB41: 59 | AC41: MTN
A42: 2026-06-08 | B42: gh | C42: 22160276 | D42: 233593741782 | E42: 46111.454 | F42: 186.91 | G42: 7.11 | H42: 179.8 | I42: 34.54 | J42: 7.11 | K42: 27.43 | L42: 52.69 | M42: 685 | N42: 52.69 | O42: 685 | P42: aviator-user | Q42: [50,1000) | R42: Group C | S42: 0 | T42: 34 | U42: 0 | AB42: 59 | AC42: MTN
A43: 2026-06-08 | B43: gh | C43: 6931167 | D43: 233594503247 | E43: 44619.537 | F43: 2590.97 | G43: 0.23 | H43: 2590.74 | I43: 424.27 | J43: -0.57 | K43: 424.84 | L43: 1476.38 | M43: 19193 | N43: 1376.38 | O43: 17893 | P43: aviator-user | Q43: [1000,10w) | R43: Group C | S43: 0 | T43: 960 | U43: 0 | AB43: 59 | AC43: MTN
A44: 2026-06-08 | B44: gh | C44: 20404189 | D44: 233594589391 | E44: 46020.382 | F44: 1272.85 | G44: 0 | H44: 1272.85 | I44: 87.81 | J44: 0 | K44: 87.81 | L44: 265.15 | M44: 3447 | N44: 100.69 | O44: 1309 | P44: casino-user | Q44: [50,1000) | R44: Group C | S44: 0 | T44: 172 | U44: 0 | AB44: 59 | AC44: MTN
A45: 2026-06-08 | B45: gh | C45: 18440676 | D45: 233597120659 | E45: 45911.871 | F45: 441.39 | G45: 50.18 | H45: 391.2 | I45: 62.38 | J45: 41.27 | K45: 21.11 | L45: 96.08 | M45: 1249 | N45: 20 | O45: 260 | P45: bet&casino-user | Q45: [50,1000) | R45: Group C | S45: 120 | T45: 31 | U45: 0 | AB45: 59 | AC45: MTN
A46: 2026-06-08 | B46: gh | C46: 19998717 | D46: 233597944137 | E46: 46000.715 | F46: 129.21 | G46: 64.09 | H46: 65.12 | I46: 58.18 | J46: 55.11 | K46: 3.07 | L46: 79.38 | M46: 1032 | N46: 9.54 | O46: 124 | P46: bet&casino-user | Q46: [50,1000) | R46: Group C | S46: 120 | T46: 26 | U46: 0 | AB46: 59 | AC46: MTN
A47: 2026-06-05 | B47: gh | C47: 16687596 | D47: 233204901500 | E47: 45792.481 | F47: 1143.79 | G47: 5.69 | H47: 1138.1 | I47: -115.18 | J47: 5.69 | K47: -120.87 | L47: 230.69 | M47: 2999 | N47: 94.23 | O47: 1225 | P47: casino-user | Q47: [50,1000) | R47: Group C | S47: 0 | T47: 150 | U47: 0 | AB47: 20 | AC47: Telecel
A48: 2026-06-05 | B48: gh | C48: 11946799 | D48: 233208926409 | E48: 45298.841 | F48: 1598.84 | G48: 0 | H48: 1598.84 | I48: 176.38 | J48: 0 | K48: 176.38 | L48: 381.15 | M48: 4955 | N48: 166.31 | O48: 2162 | P48: aviator-user | Q48: [50,1000) | R48: Group C | S48: 0 | T48: 248 | U48: 0 | AB48: 20 | AC48: Telecel
A49: 2026-06-05 | B49: gh | C49: 10504058 | D49: 233209168535 | E49: 45162.39 | F49: 2279.03 | G49: 0 | H49: 2279.03 | I49: 450.76 | J49: 0 | K49: 450.76 | L49: 777.69 | M49: 10110 | N49: 777.69 | O49: 10110 | P49: casino-user | Q49: [50,1000) | R49: Group C | S49: 0 | T49: 506 | U49: 0 | AB49: 20 | AC49: Telecel
A50: 2026-06-05 | B50: gh | C50: 14110309 | D50: 233502506084 | E50: 45577.56 | F50: 148.68 | G50: 5.08 | H50: 143.59 | I50: 13.13 | J50: 5.08 | K50: 8.05 | L50: 52.08 | M50: 677 | N50: 24.15 | O50: 314 | P50: casino-user | Q50: [50,1000) | R50: Group C | S50: 0 | T50: 34 | U50: 0 | AB50: 50 | AC50: Telecel
A51: 2026-06-05 | B51: gh | C51: 9598168 | D51: 233505163657 | E51: 45001.521 | F51: 530.04 | G51: 0 | H51: 530.04 | I51: 15.98 | J51: 0 | K51: 15.98 | L51: 103.08 | M51: 1340 | N51: 103.08 | O51: 1340 | P51: casino-user | Q51: [50,1000) | R51: Group C | S51: 0 | T51: 67 | U51: 0 | AB51: 50 | AC51: Telecel
A52: 2026-06-05 | B52: gh | C52: 19402858 | D52: 233240752841 | E52: 45973.317 | F52: 297.74 | G52: 0 | H52: 297.74 | I52: 57.08 | J52: 0 | K52: 57.08 | L52: 64.77 | M52: 842 | N52: 0 | O52: 0 | P52: aviator-user | Q52: [50,1000) | R52: Group C | S52: 0 | T52: 42 | U52: 0 | AB52: 24 | AC52: MTN
... A79: 2026-06-05 | B79: gh | C79: 19543429 | D79: 233547968425 | E79: 45979.283 | F79: 4791.66 | G79: 0 | H79: 4791.66 | I79: 511.28 | J79: 0 | K79: 511.28 | L79: 1694.69 | M79: 22031 | N79: 1269 | O79: 16497 | P79: aviator-user | Q79: [1000,10w) | R79: Group C | S79: 0 | T79: 1102 | U79: 0 | AB79: 54 | AC79: MTN
A80: 2026-06-05 | B80: gh | C80: 21996776 | D80: 233550882322 | E80: 46101.618 | F80: 65324.75 | G80: 0 | H80: 65324.75 | I80: 6143.59 | J80: -0.25 | K80: 6143.84 | L80: 13787.46 | M80: 179237 | N80: 13787.46 | O80: 179237 | P80: aviator-user | Q80: [1000,10w) | R80: Group C | S80: 0 | T80: 5000 | U80: 1 | V80: 1 | AB80: 55 | AC80: MTN
A81: 2026-06-05 | B81: gh | C81: 8079619 | D81: 233551196817 | E81: 44721.037 | F81: 1797.15 | G81: 237.19 | H81: 1559.95 | I81: -55.58 | J81: 60.28 | K81: -115.86 | L81: 1155.69 | M81: 15024 | N81: 551.38 | O81: 7168 | P81: bet&casino-user | Q81: [1000,10w) | R81: Group C | S81: 500 | T81: 376 | U81: 0 | AB81: 55 | AC81: MTN
A82: 2026-06-05 | B82: gh | C82: 22926508 | D82: 233551591706 | E82: 46160.833 | F82: 319.41 | G82: 0 | H82: 319.41 | I82: 94.04 | J82: 0 | K82: 94.04 | L82: 94.23 | M82: 1225 | N82: 94.23 | O82: 1225 | P82: aviator-user | Q82: [50,1000) | R82: Group C | S82: 0 | T82: 61 | U82: 0 | AB82: 55 | AC82: MTN
A83: 2026-06-05 | B83: gh | C83: 21840737 | D83: 233557327139 | E83: 46092.837 | F83: 698.41 | G83: 8.77 | H83: 688.72 | I83: 124.35 | J83: -3.68 | K83: 128.03 | L83: 265 | M83: 3445 | N83: 265 | O83: 3445 | P83: casino-user | Q83: [50,1000) | R83: Group C | S83: 0 | T83: 172 | U83: 0 | AB83: 55 | AC83: MTN
A84: 2026-06-05 | B84: gh | C84: 19727199 | D84: 233559605292 | E84: 45988.088 | F84: 4636.91 | G84: 10.23 | H84: 4626.68 | I84: 143.61 | J84: 10.23 | K84: 133.38 | L84: 299.23 | M84: 3890 | N84: 299.23 | O84: 3890 | P84: aviator-user | Q84: [50,1000) | R84: Group C | S84: 0 | T84: 194 | U84: 0 | AB84: 55 | AC84: MTN
A85: 2026-06-05 | B85: gh | C85: 20998209 | D85: 233591944922 | E85: 46049.705 | F85: 14374.1 | G85: 1.15 | H85: 14372.95 | I85: 449.08 | J85: 1.15 | K85: 447.93 | L85: 3326.08 | M85: 43239 | N85: 2839.46 | O85: 36913 | P85: aviator-user | Q85: [1000,10w) | R85: Group C | S85: 0 | T85: 2162 | U85: 1 | V85: 1 | AB85: 59 | AC85: MTN
A86: 2026-06-05 | B86: gh | C86: 22734199 | D86: 233593497417 | E86: 46147.437 | F86: 1438.62 | G86: 2.08 | H86: 1436.54 | I86: 99.15 | J86: 2.08 | K86: 97.08 | L86: 509.15 | M86: 6619 | N86: 509.15 | O86: 6619 | P86: casino-user | Q86: [50,1000) | R86: Group C | S86: 0 | T86: 331 | U86: 0 | AB86: 59 | AC86: MTN
A87: 2026-06-05 | B87: gh | C87: 20790157 | D87: 233594017894 | E87: 46038.567 | F87: 2413.17 | G87: 0 | H87: 2413.17 | I87: 185.88 | J87: 0 | K87: 185.88 | L87: 324.38 | M87: 4217 | N87: 146.31 | O87: 1902 | P87: casino-user | Q87: [50,1000) | R87: Group C | S87: 0 | T87: 211 | U87: 0 | AB87: 59 | AC87: MTN
A88: 2026-06-05 | B88: gh | C88: 17182599 | D88: 233596777416 | E88: 45836.882 | F88: 28894.21 | G88: 0.08 | H88: 28894.13 | I88: 1302.63 | J88: -0.36 | K88: 1302.99 | L88: 7930.38 | M88: 103095 | N88: 2126.77 | O88: 27648 | P88: casino-user | Q88: [1000,10w) | R88: Group C | S88: 0 | T88: 5000 | U88: 1 | V88: 1 | AB88: 59 | AC88: MTN
A89: 2026-06-05 | B89: gh | C89: 22209506 | D89: 233597491241 | E89: 46114.526 | F89: 1020 | G89: 0 | H89: 1020 | I89: 163.07 | J89: 0 | K89: 163.07 | L89: 296.92 | M89: 3860 | N89: 296.92 | O89: 3860 | P89: aviator-user | Q89: [50,1000) | R89: Group C | S89: 0 | T89: 193 | U89: 0 | AB89: 59 | AC89: MTN
A90: 2026-06-05 | B90: gh | C90: 7832538 | D90: 233597984883 | E90: 44677.354 | F90: 720.55 | G90: 224.74 | H90: 495.81 | I90: 118 | J90: 103.65 | K90: 14.35 | L90: 337.15 | M90: 4383 | N90: 291 | O90: 3783 | P90: bet&casino-user | Q90: [50,1000) | R90: Group C | S90: 120 | T90: 110 | U90: 0 | AB90: 59 | AC90: MTN
A91: 2026-06-05 | B91: gh | C91: 16979056 | D91: 233266742990 | E91: 45820.908 | F91: 466.61 | G91: 0 | H91: 466.61 | I91: 66.34 | J91: 0 | K91: 66.34 | L91: 73.38 | M91: 954 | N91: 14.77 | O91: 192 | P91: aviator-user | Q91: [50,1000) | R91: Group C | S91: 0 | T91: 48 | U91: 0 | AB91: 26 | AC91: AirtelTigo
A92: 2026-06-04 | B92: gh | C92: 18113379 | D92: 233202257155 | E92: 45893.169 | F92: 92.06 | G92: 36.11 | H92: 55.95 | I92: 28.84 | J92: 22.95 | K92: 5.89 | L92: 53 | M92: 689 | N92: 0.15 | O92: 2 | P92: bet&casino-user | Q92: [50,1000) | R92: Group C | S92: 120 | T92: 17 | U92: 0
A93: 2026-06-04 | B93: gh | C93: 17737358 | D93: 233205219476 | E93: 45872.528 | F93: 6244.78 | G93: 9.16 | H93: 6235.63 | I93: 156.94 | J93: 2.85 | K93: 154.1 | L93: 1406 | M93: 18278 | N93: 415 | O93: 5395 | P93: aviator-user | Q93: [1000,10w) | R93: Group C | S93: 0 | T93: 914 | U93: 0
A94: 2026-06-04 | B94: gh | C94: 10831809 | D94: 233206463544 | E94: 45199.388 | F94: 425.27 | G94: 0 | H94: 425.27 | I94: 26.37 | J94: 0 | K94: 26.37 | L94: 108.23 | M94: 1407 | N94: 2.31 | O94: 30 | P94: aviator-user | Q94: [50,1000) | R94: Group C | S94: 0 | T94: 70 | U94: 0
A95: 2026-06-04 | B95: gh | C95: 22364297 | D95: 233208388769 | E95: 46122.836 | F95: 1087.53 | G95: 4.62 | H95: 1082.92 | I95: 137.97 | J95: 4.62 | K95: 133.36 | L95: 222 | M95: 2886 | N95: 222 | O95: 2886 | P95: aviator-user | Q95: [50,1000) | R95: Group C | S95: 0 | T95: 144 | U95: 0
A96: 2026-06-04 | B96: gh | C96: 19378358 | D96: 233209266637 | E96: 45971.761 | F96: 892.15 | G96: 2.08 | H96: 890.07 | I96: 97.53 | J96: 2.08 | K96: 95.45 | L96: 130.77 | M96: 1700 | N96: 0 | O96: 0 | P96: casino-user | Q96: [50,1000) | R96: Group C | S96: 0 | T96: 85 | U96: 0
A97: 2026-06-04 | B97: gh | C97: 20003449 | D97: 233243627795 | E97: 46000.916 | F97: 3006.54 | G97: 0 | H97: 3006.54 | I97: -65.47 | J97: 0 | K97: -65.47 | L97: 335 | M97: 4355 | N97: 26.92 | O97: 350 | P97: aviator-user | Q97: [50,1000) | R97: Group C | S97: 0 | T97: 218 | U97: 0
A98: 2026-06-04 | B98: gh | C98: 19607909 | D98: 233248843859 | E98: 45981.798 | F98: 1171.71 | G98: 3.08 | H98: 1168.63 | I98: 178.57 | J98: 3.08 | K98: 175.49 | L98: 292.46 | M98: 3802 | N98: 24.62 | O98: 320 | P98: casino-user | Q98: [50,1000) | R98: Group C | S98: 0 | T98: 190 | U98: 0
A99: 2026-06-04 | B99: gh | C99: 8321836 | D99: 233249456703 | E99: 44760.367 | F99: 1460.82 | G99: 27.86 | H99: 1432.96 | I99: 53.38 | J99: -15.72 | K99: 69.11 | L99: 283.77 | M99: 3689 | N99: 283.77 | O99: 3689 | P99: aviator-user | Q99: [50,1000) | R99: Group C | S99: 0 | T99: 184 | U99: 0
A100: 2026-06-04 | B100: gh | C100: 18847798 | D100: 233256529449 | E100: 45938.323 | F100: 20860.04 | G100: 0.15 | H100: 20859.88 | I100: 608.46 | J100: -0.04 | K100: 608.5 | L100: 4456.85 | M100: 57939 | N100: 1827.15 | O100: 23753 | P100: aviator-user | Q100: [1000,10w) | R100: Group C | S100: 0 | T100: 2897 | U100: 1 | V100: 1
A101: 2026-06-04 | B101: gh | C101: 16147578 | D101: 233257312628 | E101: 45755.282 | F101: 2807.94 | G101: 0.54 | H101: 2807.4 | I101: 187.77 | J101: 0.54 | K101: 187.23 | L101: 1180.46 | M101: 15346 | N101: 72.46 | O101: 942 | P101: aviator-user | Q101: [1000,10w) | R101: Group C | S101: 0 | T101: 767 | U101: 0
A102: 2026-06-04 | B102: gh | C102: 19249216 | D102: 233257465992 | E102: 45964.605 | F102: 2046.08 | G102: 9.23 | H102: 2036.85 | I102: 116.92 | J102: 8.76 | K102: 108.16 | L102: 461.62 | M102: 6001 | N102: 35 | O102: 455 | P102: casino-user | Q102: [50,1000) | R102: Group C | S102: 0 | T102: 300 | U102: 0
A103: 2026-06-04 | B103: gh | C103: 17268456 | D103: 233275960162 | E103: 45842.53 | F103: 426.02 | G103: 22.23 | H103: 403.56 | I103: 17.66 | J103: 21.34 | K103: -3.68 | L103: 96.92 | M103: 1260 | N103: 58.92 | O103: 766 | P103: casino-user | Q103: [50,1000) | R103: Group C | S103: 0 | T103: 63 | U103: 0
A104: 2026-06-04 | B104: gh | C104: 22742057 | D104: 233507107583 | E104: 46148.071 | F104: 1946.1 | G104: 0 | H104: 1946.1 | I104: 75.53 | J104: 0 | K104: 75.53 | L104: 163.77 | M104: 2129 | N104: 163.77 | O104: 2129 | P104: casino-user | Q104: [50,1000) | R104: Group C | S104: 0 | T104: 106 | U104: 0
A105: 2026-06-04 | B105: gh | C105: 16731807 | D105: 233507173284 | E105: 45797.365 | F105: 743.12 | G105: 0 | H105: 743.12 | I105: 36.4 | J105: 0 | K105: 36.4 | L105: 179.46 | M105: 2333 | N105: 0 | O105: 0 | P105: aviator-user | Q105: [50,1000) | R105: Group C | S105: 0 | T105: 117 | U105: 0
A106: 2026-06-04 | B106: gh | C106: 17511067 | D106: 233508894990 | E106: 45859.924 | F106: 653.79 | G106: 12.67 | H106: 641.13 | I106: 121.07 | J106: 7.98 | K106: 113.09 | L106: 151.92 | M106: 1975 | N106: 0 | O106: 0 | P106: aviator-user | Q106: [50,1000) | R106: Group C | S106: 0 | T106: 99 | U106: 0
A107: 2026-06-04 | B107: gh | C107: 15784426 | D107: 233531193764 | E107: 45696.377 | F107: 966.6 | G107: 11.47 | H107: 955.12 | I107: 9 | J107: 6.81 | K107: 2.19 | L107: 82.46 | M107: 1072 | N107: 0 | O107: 0 | P107: casino-user | Q107: [50,1000) | R107: Group C | S107: 0 | T107: 54 | U107: 0
A108: 2026-06-04 | B108: gh | C108: 19007179 | D108: 233535743035 | E108: 45948.524 | F108: 2619.59 | G108: 0 | H108: 2619.59 | I108: 54.61 | J108: 0 | K108: 54.61 | L108: 594.62 | M108: 7730 | N108: 524.23 | O108: 6815 | P108: aviator-user | Q108: [50,1000) | R108: Group C | S108: 0 | T108: 386 | U108: 0
A109: 2026-06-04 | B109: gh | C109: 21504006 | D109: 233535841416 | E109: 46076.469 | F109: 680.48 | G109: 0 | H109: 680.48 | I109: 33.3 | J109: 0 | K109: 33.3 | L109: 94.54 | M109: 1229 | N109: 59.08 | O109: 768 | P109: casino-user | Q109: [50,1000) | R109: Group C | S109: 0 | T109: 61 | U109: 0
A110: 2026-06-04 | B110: gh | C110: 13406686 | D110: 233535869485 | E110: 45506.977 | F110: 799.31 | G110: 268.33 | H110: 530.52 | I110: -86.81 | J110: -138.7 | K110: 51.89 | L110: 320.31 | M110: 4164 | N110: 13.46 | O110: 175 | P110: bet&casino-user | Q110: [50,1000) | R110: Group C | S110: 120 | T110: 104 | U110: 0
A111: 2026-06-04 | B111: gh | C111: 17504579 | D111: 233536276569 | E111: 45859.518 | F111: 238.31 | G111: 0.08 | H111: 238.23 | I111: 33.36 | J111: 0.08 | K111: 33.29 | L111: 93 | M111: 1209 | N111: 89 | O111: 1157 | P111: casino-user | Q111: [50,1000) | R111: Group C | S111: 0 | T111: 60 | U111: 0
A112: 2026-06-04 | B112: gh | C112: 19855747 | D112: 233537744338 | E112: 45993.892 | F112: 347.88 | G112: 18.08 | H112: 329.81 | I112: 3.84 | J112: 14 | K112: -10.16 | L112: 57.69 | M112: 750 | N112: 21.92 | O112: 285 | P112: aviator-user | Q112: [50,1000) | R112: Group C | S112: 0 | T112: 38 | U112: 0
... A123: 2026-06-04 | B123: gh | C123: 19573246 | D123: 233552012755 | E123: 45980.685 | F123: 15430.04 | G123: 197.64 | H123: 15232.4 | I123: 245.85 | J123: 155.1 | K123: 90.75 | L123: 2683.46 | M123: 34885 | N123: 2253.62 | O123: 29297 | P123: aviator-user | Q123: [1000,10w) | R123: Group C | S123: 0 | T123: 1744 | U123: 0
A124: 2026-06-04 | B124: gh | C124: 10922988 | D124: 233552529816 | E124: 45209.768 | F124: 34863.24 | G124: 0.08 | H124: 34863.16 | I124: 1287.42 | J124: 0.08 | K124: 1287.35 | L124: 5824.15 | M124: 75714 | N124: 350.54 | O124: 4557 | P124: casino-user | Q124: [1000,10w) | R124: Group C | S124: 0 | T124: 3786 | U124: 1 | V124: 1
A125: 2026-06-04 | B125: gh | C125: 22858598 | D125: 233553237753 | E125: 46156.483 | F125: 506.18 | G125: 0 | H125: 506.18 | I125: -47.15 | J125: 0 | K125: -47.15 | L125: 245 | M125: 3185 | N125: 245 | O125: 3185 | P125: casino-user | Q125: [50,1000) | R125: Group C | S125: 0 | T125: 159 | U125: 0
A126: 2026-06-04 | B126: gh | C126: 22071617 | D126: 233558367018 | E126: 46105.965 | F126: 1872.48 | G126: 0 | H126: 1872.48 | I126: 70.43 | J126: 0 | K126: 70.43 | L126: 590.46 | M126: 7676 | N126: 590.46 | O126: 7676 | P126: aviator-user | Q126: [50,1000) | R126: Group C | S126: 0 | T126: 384 | U126: 0
A127: 2026-06-04 | B127: gh | C127: 18831246 | D127: 233558839899 | E127: 45936.924 | F127: 551.12 | G127: 29.92 | H127: 521.2 | I127: 55.21 | J127: 23.24 | K127: 31.98 | L127: 101.69 | M127: 1322 | N127: 48.38 | O127: 629 | P127: aviator-user | Q127: [50,1000) | R127: Group C | S127: 0 | T127: 66 | U127: 0
A128: 2026-06-04 | B128: gh | C128: 22540757 | D128: 233592227720 | E128: 46134.039 | F128: 782.16 | G128: 7.7 | H128: 774.46 | I128: 2.92 | J128: 7.7 | K128: -4.78 | L128: 120.77 | M128: 1570 | N128: 120.77 | O128: 1570 | P128: aviator-user | Q128: [50,1000) | R128: Group C | S128: 0 | T128: 78 | U128: 0
A129: 2026-06-04 | B129: gh | C129: 21194556 | D129: 233592789729 | E129: 46060.472 | F129: 23888.75 | G129: 3.08 | H129: 23885.67 | I129: 1324.95 | J129: 3.08 | K129: 1321.88 | L129: 4393.08 | M129: 57110 | N129: 1298.85 | O129: 16885 | P129: aviator-user | Q129: [1000,10w) | R129: Group C | S129: 0 | T129: 2856 | U129: 1 | V129: 1
A130: 2026-06-04 | B130: gh | C130: 22057738 | D130: 233596805286 | E130: 46105.312 | F130: 208.55 | G130: 0 | H130: 208.55 | I130: 43.13 | J130: 0 | K130: 43.13 | L130: 69.31 | M130: 901 | N130: 69.31 | O130: 901 | P130: casino-user | Q130: [50,1000) | R130: Group C | S130: 0 | T130: 45 | U130: 0
A131: 2026-06-04 | B131: gh | C131: 18578626 | D131: 233599292401 | E131: 45920.999 | F131: 357.9 | G131: 0 | H131: 357.9 | I131: 57.98 | J131: 0 | K131: 57.98 | L131: 113 | M131: 1469 | N131: 39.77 | O131: 517 | P131: casino-user | Q131: [50,1000) | R131: Group C | S131: 0 | T131: 73 | U131: 0
A132: 2026-06-03 | B132: gh | C132: 22246937 | D132: 233205560620 | E132: 46116.589 | F132: 127.74 | G132: 0.08 | H132: 127.66 | I132: 30.23 | J132: -0.06 | K132: 30.29 | L132: 67.54 | M132: 878 | N132: 67.54 | O132: 878 | P132: casino-user | Q132: [50,1000) | R132: Group C | S132: 0 | T132: 44 | U132: 0
A133: 2026-06-03 | B133: gh | C133: 18173108 | D133: 233206082502 | E133: 45896.803 | F133: 154.65 | G133: 44.62 | H133: 110.03 | I133: -26.34 | J133: -30.53 | K133: 4.19 | L133: 76.62 | M133: 996 | N133: 20.54 | O133: 267 | P133: bet&casino-user | Q133: [50,1000) | R133: Group C | S133: 120 | T133: 25 | U133: 0
A134: 2026-06-03 | B134: gh | C134: 22431226 | D134: 233208298785 | E134: 46126.9 | F134: 382.38 | G134: 0 | H134: 382.38 | I134: -82.78 | J134: 0 | K134: -82.78 | L134: 113.38 | M134: 1474 | N134: 113.38 | O134: 1474 | P134: casino-user | Q134: [50,1000) | R134: Group C | S134: 0 | T134: 74 | U134: 0
A135: 2026-06-03 | B135: gh | C135: 3927517 | D135: 233240383459 | E135: 44280.356 | F135: 533.04 | G135: 3.83 | H135: 529.21 | I135: -84.83 | J135: 3.83 | K135: -88.66 | L135: 98.38 | M135: 1279 | N135: 1.54 | O135: 20 | P135: aviator-user | Q135: [50,1000) | R135: Group C | S135: 0 | T135: 64 | U135: 0
A136: 2026-06-03 | B136: gh | C136: 15234739 | D136: 233242734542 | E136: 45655.856 | F136: 1004.08 | G136: 0 | H136: 1004.08 | I136: -40.63 | J136: 0 | K136: -40.63 | L136: 157.77 | M136: 2051 | N136: 157.23 | O136: 2044 | P136: casino-user | Q136: [50,1000) | R136: Group C | S136: 0 | T136: 103 | U136: 0
A137: 2026-06-03 | B137: gh | C137: 8616766 | D137: 233246720532 | E137: 44804.556 | F137: 1108.34 | G137: 1.46 | H137: 1106.88 | I137: 30.68 | J137: 1.46 | K137: 29.22 | L137: 75.69 | M137: 984 | N137: 17.54 | O137: 228 | P137: aviator-user | Q137: [50,1000) | R137: Group C | S137: 0 | T137: 49 | U137: 0
A138: 2026-06-03 | B138: gh | C138: 17065379 | D138: 233247080842 | E138: 45827.826 | F138: 1433 | G138: 0.92 | H138: 1432.08 | I138: 176.92 | J138: 0.92 | K138: 176 | L138: 247.69 | M138: 3220 | N138: 123.85 | O138: 1610 | P138: aviator-user | Q138: [50,1000) | R138: Group C | S138: 0 | T138: 161 | U138: 0
A139: 2026-06-03 | B139: gh | C139: 7224256 | D139: 233248193755 | E139: 44659.243 | F139: 1824.65 | G139: 0 | H139: 1824.65 | I139: 62.51 | J139: 0 | K139: 62.51 | L139: 194.92 | M139: 2534 | N139: 111.31 | O139: 1447 | P139: aviator-user | Q139: [50,1000) | R139: Group C | S139: 0 | T139: 127 | U139: 0
A140: 2026-06-03 | B140: gh | C140: 21986107 | D140: 233249842853 | E140: 46100.939 | F140: 1327.67 | G140: 0 | H140: 1327.67 | I140: 120.51 | J140: 0 | K140: 120.51 | L140: 383.62 | M140: 4987 | N140: 383.62 | O140: 4987 | P140: casino-user | Q140: [50,1000) | R140: Group C | S140: 0 | T140: 249 | U140: 0
A141: 2026-06-03 | B141: gh | C141: 16883507 | D141: 233256440051 | E141: 45812.282 | F141: 1740.54 | G141: 16 | H141: 1724.54 | I141: 170.23 | J141: -25.81 | K141: 196.04 | L141: 280.08 | M141: 3641 | N141: 2.31 | O141: 30 | P141: aviator-user | Q141: [50,1000) | R141: Group C | S141: 0 | T141: 182 | U141: 0
A142: 2026-06-03 | B142: gh | C142: 20385847 | D142: 233257799338 | E142: 46019.464 | F142: 2950.11 | G142: 0 | H142: 2950.11 | I142: 174.7 | J142: 0 | K142: 174.7 | L142: 1171.85 | M142: 15234 | N142: 459.46 | O142: 5973 | P142: casino-user | Q142: [1000,10w) | R142: Group C | S142: 0 | T142: 762 | U142: 0
A143: 2026-06-03 | B143: gh | C143: 21285139 | D143: 233268593131 | E143: 46065.458 | F143: 444.46 | G143: 0 | H143: 444.46 | I143: 40.37 | J143: 0 | K143: 40.37 | L143: 85.85 | M143: 1116 | N143: 35.77 | O143: 465 | P143: aviator-user | Q143: [50,1000) | R143: Group C | S143: 0 | T143: 56 | U143: 0
... A168: 2026-06-03 | B168: gh | C168: 15252997 | D168: 233549993865 | E168: 45657.414 | F168: 352.96 | G168: 20.12 | H168: 332.84 | I168: 33.54 | J168: 7.08 | K168: 26.5 | L168: 124.69 | M168: 1621 | N168: 30.77 | O168: 400 | P168: casino-user | Q168: [50,1000) | R168: Group C | S168: 0 | T168: 81 | U168: 0
A169: 2026-06-03 | B169: gh | C169: 22051628 | D169: 233550836727 | E169: 46104.838 | F169: 26500.74 | G169: 0 | H169: 26500.74 | I169: 704.37 | J169: 0 | K169: 704.37 | L169: 4612.15 | M169: 59958 | N169: 4612.15 | O169: 59958 | P169: aviator-user | Q169: [1000,10w) | R169: Group C | S169: 0 | T169: 2998 | U169: 1 | V169: 1
A170: 2026-06-03 | B170: gh | C170: 21786006 | D170: 233551187883 | E170: 46090.235 | F170: 828.19 | G170: 0 | H170: 828.19 | I170: 144.2 | J170: 0 | K170: 144.2 | L170: 144.23 | M170: 1875 | N170: 144.23 | O170: 1875 | P170: aviator-user | Q170: [50,1000) | R170: Group C | S170: 0 | T170: 94 | U170: 0
A171: 2026-06-03 | B171: gh | C171: 20462629 | D171: 233551964885 | E171: 46023.458 | F171: 345.62 | G171: 18.08 | H171: 327.54 | I171: 50.86 | J171: 17.54 | K171: 33.31 | L171: 65.54 | M171: 852 | N171: 64.77 | O171: 842 | P171: aviator-user | Q171: [50,1000) | R171: Group C | S171: 0 | T171: 43 | U171: 0
A172: 2026-06-03 | B172: gh | C172: 8711966 | D172: 233551980573 | E172: 44818.717 | F172: 304.62 | G172: 0 | H172: 304.62 | I172: -7.93 | J172: 0 | K172: 32.46 | L172: 93.08 | M172: 1210 | N172: 30.77 | O172: 400 | P172: casino-user | Q172: [50,1000) | R172: Group C | S172: 0 | T172: 60 | U172: 0
A173: 2026-06-03 | B173: gh | C173: 21869227 | D173: 233552768670 | E173: 46094.28 | F173: 1629.77 | G173: 0.08 | H173: 1629.69 | I173: 80.97 | J173: -0.51 | K173: 81.48 | L173: 316.77 | M173: 4118 | N173: 316.77 | O173: 4118 | P173: aviator-user | Q173: [50,1000) | R173: Group C | S173: 0 | T173: 206 | U173: 0
A174: 2026-06-03 | B174: gh | C174: 19878098 | D174: 233555292563 | E174: 45995.279 | F174: 791.01 | G174: 0 | H174: 791.01 | I174: 47.76 | J174: 0 | K174: 47.76 | L174: 134.69 | M174: 1751 | N174: 39.46 | O174: 513 | P174: casino-user | Q174: [50,1000) | R174: Group C | S174: 0 | T174: 88 | U174: 0
A175: 2026-06-03 | B175: gh | C175: 20180769 | D175: 233559761869 | E175: 46009.574 | F175: 2827.52 | G175: 0.15 | H175: 2827.36 | I175: -79.51 | J175: 0.15 | K175: -79.67 | L175: 658.38 | M175: 8559 | N175: 199.23 | O175: 2590 | P175: aviator-user | Q175: [50,1000) | R175: Group C | S175: 0 | T175: 428 | U175: 0
A176: 2026-06-03 | B176: gh | C176: 19040939 | D176: 233559996063 | E176: 45951.248 | F176: 45757.43 | G176: 0 | H176: 45757.43 | I176: -1466.77 | J176: 0 | K176: -1466.77 | L176: 10565.38 | M176: 137350 | N176: 5984.62 | O176: 77800 | P176: aviator-user | Q176: [1000,10w) | R176: Group C | S176: 0 | T176: 5000 | U176: 1 | V176: 1
A177: 2026-06-03 | B177: gh | C177: 22447938 | D177: 233593830484 | E177: 46128.302 | F177: 457.37 | G177: 0 | H177: 457.37 | I177: 77.46 | J177: 0 | K177: 77.46 | L177: 256.85 | M177: 3339 | N177: 256.85 | O177: 3339 | P177: aviator-user | Q177: [50,1000) | R177: Group C | S177: 0 | T177: 167 | U177: 0
A178: 2026-06-03 | B178: gh | C178: 16025459 | D178: 233594399784 | E178: 45735.537 | F178: 16154.48 | G178: 1.08 | H178: 16153.41 | I178: 153.39 | J178: 1.08 | K178: 152.32 | L178: 2903.23 | M178: 37742 | N178: 30.77 | O178: 400 | P178: casino-user | Q178: [1000,10w) | R178: Group C | S178: 0 | T178: 1887 | U178: 0
A179: 2026-06-03 | B179: gh | C179: 16059248 | D179: 233594769770 | E179: 45742.117 | F179: 8769.62 | G179: 5.81 | H179: 8761.96 | I179: -976.06 | J179: 4 | K179: -980.06 | L179: 1274.15 | M179: 16564 | N179: 513.38 | O179: 6674 | P179: casino-user | Q179: [1000,10w) | R179: Group C | S179: 0 | T179: 828 | U179: 0
A180: 2026-06-03 | B180: gh | C180: 18514567 | D180: 233597886048 | E180: 45917.379 | F180: 4369.2 | G180: 0.54 | H180: 4368.67 | I180: 221.58 | J180: 0.46 | K180: 221.13 | L180: 783.85 | M180: 10190 | N180: 30.77 | O180: 400 | P180: aviator-user | Q180: [50,1000) | R180: Group C | S180: 0 | T180: 510 | U180: 0
A181: 2026-06-03 | B181: gh | C181: 20093607 | D181: 233598956797 | E181: 46004.797 | F181: 153.59 | G181: 0 | H181: 153.59 | I181: 60.77 | J181: 0 | K181: 60.77 | L181: 60.77 | M181: 790 | N181: 35.54 | O181: 462 | P181: aviator-user | Q181: [50,1000) | R181: Group C | S181: 0 | T181: 40 | U181: 0
A182: 2026-06-03 | B182: gh | C182: 20641888 | D182: 233599577957 | E182: 46031.101 | F182: 3441.38 | G182: 0.85 | H182: 3440.53 | I182: -13.32 | J182: 0.85 | K182: -14.17 | L182: 698.54 | M182: 9081 | N182: 237.62 | O182: 3089 | P182: casino-user | Q182: [50,1000) | R182: Group C | S182: 0 | T182: 454 | U182: 0
A183: 2026-06-02 | B183: gh | C183: 16812668 | D183: 233202471977 | E183: 45805.855 | F183: 850.73 | G183: 79.62 | H183: 771.11 | I183: 210.46 | J183: 75.88 | K183: 134.58 | L183: 242 | M183: 3146 | N183: 16.15 | O183: 209.95 | P183: bet&casino-user | Q183: [50,1000) | R183: C组 | S183: 120 | T183: 79 | U183: 0
A184: 2026-06-02 | B184: gh | C184: 16779578 | D184: 233203465830 | E184: 45802.047 | F184: 207.99 | G184: 0 | H184: 207.99 | I184: 23.32 | J184: 0 | K184: 24.93 | L184: 55.92 | M184: 727 | N184: 3.08 | O184: 40.04 | P184: aviator-user | Q184: [50,1000) | R184: C组 | S184: 0 | T184: 36 | U184: 0
A185: 2026-06-02 | B185: gh | C185: 20398158 | D185: 233242406918 | E185: 46019.975 | F185: 2174.4 | G185: 4.55 | H185: 2169.85 | I185: 187.12 | J185: 4.38 | K185: 182.74 | L185: 684.77 | M185: 8902 | N185: 1160.46 | O185: 15085.98 | P185: casino-user | Q185: [50,1000) | R185: C组 | S185: 0 | T185: 445 | U185: 0
...

Sheet combinate
A1: username | B1: label
A2: 233200425461 | B2: Group A
A3: 233202423882 | B3: Group A
A4: 233500578321 | B4: Group A
A5: 233503326514 | B5: Group A
A6: 233506502760 | B6: Group A
A7: 233507814734 | B7: Group A
A8: 233240254349 | B8: Group A
A9: 233243952996 | B9: Group A
A10: 233248914647 | B10: Group A
A11: 233256999078 | B11: Group A
A12: 233257286401 | B12: Group A
A13: 233257564352 | B13: Group A
... A591: 233599762914 | B591: Group C

Sheet Sheet2
A1: 计数项:用户手机号 | B1: 是否回归
A2: label | C2: 是 | D2: 总计 | E2: 回归率
A3: Group A | C3: 46 | D3: 169 | E3: =C3/D3 -> 0.27218935
A4: Group B | C4: 60 | D4: 191 | E4: =C4/D4 -> 0.31413613
A5: Group C | C5: 75 | D5: 230 | E5: =C5/D5 -> 0.32608696
A6: 总计 | C6: 181 | D6: 590
A9: 计数项:用户手机号 | B9: 是否有效回归
A10: label | B10: 否 | C10: 是 | D10: 总计 | E10: 漏斗有效 | F10: 有效回归率
A11: Group A | B11: 136 | C11: 33 | D11: 169 | E11: =GETPIVOTDATA("用户手机号",$A$9,"label","Group A","是否有效回归","是")/C3 -> 0.7173913 | F11: =GETPIVOTDATA("用户手机号",$A$9,"label","Group A","是否有效回归","是")/GETPIVOTDATA("用户手机号",$A$9,"label","Group A") -> 0.19526627
A12: Group B | B12: 151 | C12: 40 | D12: 191 | E12: =GETPIVOTDATA("用户手机号",$A$9,"label","Group B","是否有效回归","是")/C4 -> 0.66666667 | F12: =GETPIVOTDATA("用户手机号",$A$9,"label","Group B","是否有效回归","是")/GETPIVOTDATA("用户手机号",$A$9,"label","Group B") -> 0.20942408
A13: Group C | B13: 182 | C13: 48 | D13: 230 | E13: =GETPIVOTDATA("用户手机号",$A$9,"label","Group C","是否有效回归","是")/C5 -> 0.64 | F13: =GETPIVOTDATA("用户手机号",$A$9,"label","Group C","是否有效回归","是")/GETPIVOTDATA("用户手机号",$A$9,"label","Group C") -> 0.20869565
A14: 总计 | B14: 469 | C14: 121 | D14: 590 | E14: =GETPIVOTDATA("用户手机号",$A$9,"是否有效回归","是")/C6 -> 0.66850829 | F14: =GETPIVOTDATA("用户手机号",$A$9,"是否有效回归","是")/GETPIVOTDATA("用户手机号",$A$9) -> 0.20508475
A18: 是否有效回归 | B18: 是
A20: label | B20: 计数项:是否有效回归 | C20: 求和项:总投注流水（本地货币） | D20: 求和项:全部ggr（本地货币） | E20: 求和项:充值金额（本地货币）
A21: Group A | B21: 33 | C21: 292054.56 | D21: 17777.98 | E21: 33036
A22: Group B | B22: 40 | C22: 189823.56 | D22: 10872.53 | E22: 21339
A23: Group C | B23: 48 | C23: 206406.48 | D23: 18201.37 | E23: 39183
A24: 总计 | B24: 121 | C24: 688284.6 | D24: 46851.88 | E24: 93558
C26: =GETPIVOTDATA("求和项:总投注流水（本地货币）",$A$20,"label","Group A")/GETPIVOTDATA("计数项:是否有效回归",$A$20,"label","Group A") -> 8850.1382 | D26: =GETPIVOTDATA("求和项:全部ggr（本地货币）",$A$20,"label","Group A")/GETPIVOTDATA("计数项:是否有效回归",$A$20,"label","Group A") -> 538.72667 | E26: =GETPIVOTDATA("求和项:充值金额（本地货币）",$A$20,"label","Group A")/GETPIVOTDATA("计数项:是否有效回归",$A$20,"label","Group A") -> 1001.0909
C27: =GETPIVOTDATA("求和项:总投注流水（本地货币）",$A$20,"label","Group B")/GETPIVOTDATA("计数项:是否有效回归",$A$20,"label","Group B") -> 4745.589 | D27: =GETPIVOTDATA("求和项:全部ggr（本地货币）",$A$20,"label","Group B")/GETPIVOTDATA("计数项:是否有效回归",$A$20,"label","Group B") -> 271.81325 | E27: =GETPIVOTDATA("求和项:充值金额（本地货币）",$A$20,"label","Group B")/GETPIVOTDATA("计数项:是否有效回归",$A$20,"label","Group B") -> 533.475
C28: =GETPIVOTDATA("求和项:总投注流水（本地货币）",$A$20,"label","Group C")/GETPIVOTDATA("计数项:是否有效回归",$A$20,"label","Group C") -> 4300.135 | D28: =GETPIVOTDATA("求和项:全部ggr（本地货币）",$A$20,"label","Group C")/GETPIVOTDATA("计数项:是否有效回归",$A$20,"label","Group C") -> 379.19521 | E28: =GETPIVOTDATA("求和项:充值金额（本地货币）",$A$20,"label","Group C")/GETPIVOTDATA("计数项:是否有效回归",$A$20,"label","Group C") -> 816.3125
C29: =GETPIVOTDATA("求和项:总投注流水（本地货币）",$A$20)/GETPIVOTDATA("计数项:是否有效回归",$A$20) -> 5688.3025 | D29: =GETPIVOTDATA("求和项:全部ggr（本地货币）",$A$20)/GETPIVOTDATA("计数项:是否有效回归",$A$20) -> 387.20562 | E29: =GETPIVOTDATA("求和项:充值金额（本地货币）",$A$20)/GETPIVOTDATA("计数项:是否有效回归",$A$20) -> 773.20661

Sheet 总表
A1: label | B1: 用户手机号 | C1: 用户id | D1: 最后登录时间 | E1: 是否有效回归 | F1: 总投注流水（usd） | G1: 总投注流水（本地货币） | H1: 体育投注流水（本地货币） | I1: 游戏投注流水（本地货币） | J1: 体育ggr（本地货币） | K1: 游戏ggr（本地货币） | L1: 全部ggr（usd） | M1: 全部ggr（本地货币） | N1: 充值金额（usd） | O1: 充值金额（本地货币） | P1: 提现金额（usd） | Q1: 提现金额（本地货币）
A2: =VLOOKUP(B2,combinate!A:B,2,FALSE) -> Group A | B2: 233558171044 | C2: 3650431 | D2: 46161.648 | E2: 否 | F2: 0 | G2: 0 | H2: 0 | I2: 0 | J2: 0 | K2: 0 | L2: 0 | M2: 0 | N2: 0 | O2: 0 | P2: 0 | Q2: 0
A3: =VLOOKUP(B3,combinate!A:B,2,FALSE) -> Group A | B3: 233545295774 | C3: 5832722 | D3: 46166.017 | E3: 否 | F3: 0 | G3: 0 | H3: 0 | I3: 0 | J3: 0 | K3: 0 | L3: 0 | M3: 0 | N3: 0 | O3: 0 | P3: 0 | Q3: 0
A4: =VLOOKUP(B4,combinate!A:B,2,FALSE) -> Group B | B4: 233248112064 | C4: 7103744 | D4: 46162.686 | E4: 否 | F4: 0 | G4: 0 | H4: 0 | I4: 0 | J4: 0 | K4: 0 | L4: 0 | M4: 0 | N4: 0 | O4: 0 | P4: 0 | Q4: 0
A5: =VLOOKUP(B5,combinate!A:B,2,FALSE) -> Group C | B5: 233505163657 | C5: 9598168 | D5: 46184.394 | E5: 是 | F5: 54.85 | G5: 713 | H5: 0 | I5: 713 | J5: 0 | K5: 126.7 | L5: 9.75 | M5: 126.7 | N5: 4.62 | O5: 60 | P5: 0 | Q5: 0
A6: =VLOOKUP(B6,combinate!A:B,2,FALSE) -> Group C | B6: 233558696996 | C6: 10001207 | D6: 46160.716 | E6: 否 | F6: 0 | G6: 0 | H6: 0 | I6: 0 | J6: 0 | K6: 0 | L6: 0 | M6: 0 | N6: 0 | O6: 0 | P6: 0 | Q6: 0
A7: =VLOOKUP(B7,combinate!A:B,2,FALSE) -> Group C | B7: 233539246450 | C7: 13226456 | D7: 46182.668 | E7: 是 | F7: 7.15 | G7: 92.97 | H7: 0 | I7: 92.97 | J7: 0 | K7: 55.87 | L7: 4.3 | M7: 55.87 | N7: 4.31 | O7: 56 | P7: 0 | Q7: 0
A8: =VLOOKUP(B8,combinate!A:B,2,FALSE) -> Group C | B8: 233536455716 | C8: 16391417 | D8: 46161.925 | E8: 否 | F8: 0 | G8: 0 | H8: 0 | I8: 0 | J8: 0 | K8: 0 | L8: 0 | M8: 0 | N8: 0 | O8: 0 | P8: 0 | Q8: 0
A9: =VLOOKUP(B9,combinate!A:B,2,FALSE) -> Group C | B9: 233596777416 | C9: 17182599 | D9: 46182.27 | E9: 是 | F9: 139.95 | G9: 1819.3 | H9: 0 | I9: 1819.3 | J9: 0 | K9: 284.85 | L9: 21.91 | M9: 284.85 | N9: 51.92 | O9: 675 | P9: 30 | Q9: 390
A10: =VLOOKUP(B10,combinate!A:B,2,FALSE) -> Group A | B10: 233504756403 | C10: 17523041 | D10: 46184.017 | E10: 否 | F10: 0 | G10: 0 | H10: 0 | I10: 0 | J10: 0 | K10: 0 | L10: 0 | M10: 0 | N10: 0 | O10: 0 | P10: 0 | Q10: 0
A11: =VLOOKUP(B11,combinate!A:B,2,FALSE) -> Group C | B11: 233206082502 | C11: 18173108 | D11: 46183.781 | E11: 否 | F11: 0 | G11: 0 | H11: 0 | I11: 0 | J11: 0 | K11: 0 | L11: 0 | M11: 0 | N11: 0 | O11: 0 | P11: 0 | Q11: 0
A12: =VLOOKUP(B12,combinate!A:B,2,FALSE) -> Group C | B12: 233540982751 | C12: 18685406 | D12: 46166.502 | E12: 否 | F12: 0 | G12: 0 | H12: 0 | I12: 0 | J12: 0 | K12: 0 | L12: 0 | M12: 0 | N12: 0 | O12: 0 | P12: 0 | Q12: 0
A13: =VLOOKUP(B13,combinate!A:B,2,FALSE) -> Group A | B13: 233545807815 | C13: 19569981 | D13: 46183.636 | E13: 是 | F13: 103.15 | G13: 1340.9 | H13: 0 | I13: 1340.9 | J13: 0 | K13: 349.66 | L13: 26.9 | M13: 349.66 | N13: 26.92 | O13: 350 | P13: 0 | Q13: 0
... A591: =VLOOKUP(B591,combinate!A:B,2,FALSE) -> Group B | B591: 233268228181 | C591: 20729693 | D591: 46166.013 | E591: 否 | F591: 0 | G591: 0 | H591: 0 | I591: 0 | J591: 0 | K591: 0 | L591: 0 | M591: 0 | N591: 0 | O591: 0 | P591: 0 | Q591: 0
