Workbook

Sheet A
A1: date | B1: country | C1: userid | D1: username | E1: register_time | F1: Total Stake | G1: Total Stake on Sports | H1: Total Stake on Games | I1: Total GGR | J1: Total Sports GGR | K1: Total Gaming GGR | L1: Total Deposit (usd) | M1: Total Deposit (local) | N1: The latest 90days Deposit (usd) | O1: The latest 90days Deposit (local) | P1: User Preference | Q1: deposit_category | R1: label | S1: No-Deposit Sports Coupon(odd>2.5) | T1: casinobonus | U1: VIP-type | V1: sex | W1: first_name | X1: last_name | Y1: birthday | Z1: temp_birthday | AA1: email
A2: 2026-06-02 | B2: ke | C2: 15642980 | D2: 254115464651 | E2: 45686.858 | F2: 305.99 | G2: 0.64 | H2: 305.35 | I2: 44 | J2: 0.64 | K2: 43.36 | L2: 171.61 | M2: 22824 | N2: 0 | O2: 0 | P2: aviator-user | Q2: [50,1000) | R2: A组 | S2: 0 | T2: 0 | U2: 0
A3: 2026-06-02 | B3: ke | C3: 22090260 | D3: 254116255629 | E3: 46107.19 | F3: 547.32 | G3: 0 | H3: 547.32 | I3: 2.33 | J3: 0 | K3: 2.33 | L3: 78.57 | M3: 10450 | N3: 74.64 | O3: 9927.12 | P3: aviator-user | Q3: [50,1000) | R3: A组 | S3: 0 | T3: 0 | U3: 0
A4: 2026-06-02 | B4: ke | C4: 18902240 | D4: 254116611542 | E4: 45941.496 | F4: 21706.07 | G4: 0.01 | H4: 21706.06 | I4: 1695.64 | J4: 0.01 | K4: 1695.64 | L4: 3937.71 | M4: 523715 | N4: 627.16 | O4: 83412.28 | P4: aviator-user | Q4: [1000,10w) | R4: A组 | S4: 0 | T4: 0 | U4: 1 | V4: 1
A5: 2026-06-02 | B5: ke | C5: 21777972 | D5: 254140047631 | E5: 46089.678 | F5: 2928.16 | G5: 0 | H5: 2928.16 | I5: -24.94 | J5: 0 | K5: -24.94 | L5: 202.47 | M5: 26929 | N5: 192.35 | O5: 25582.55 | P5: aviator-user | Q5: [50,1000) | R5: A组 | S5: 0 | T5: 0 | U5: 0
A6: 2026-06-02 | B6: ke | C6: 22920322 | D6: 254140414468 | E6: 46160.358 | F6: 1.5 | G6: 0 | H6: 1.5 | I6: 1.5 | J6: 0 | K6: 1.5 | L6: 326.09 | M6: 43370 | N6: 309.79 | O6: 41202.07 | P6: aviator-user | Q6: [50,1000) | R6: A组 | S6: 0 | T6: 0 | U6: 0
A7: 2026-06-02 | B7: ke | C7: 22818880 | D7: 254141464090 | E7: 46153.061 | F7: 994.79 | G7: 0 | H7: 994.79 | I7: 14.96 | J7: 0 | K7: 14.96 | L7: 264.46 | M7: 35173 | N7: 251.24 | O7: 33414.92 | P7: aviator-user | Q7: [50,1000) | R7: A组 | S7: 0 | T7: 0 | U7: 0
A8: 2026-06-02 | B8: ke | C8: 11675230 | D8: 254700785323 | E8: 45273.447 | F8: 177.2 | G8: 0 | H8: 177.2 | I8: 18.82 | J8: 0 | K8: 18.82 | L8: 74.11 | M8: 9856 | N8: 1.81 | O8: 240.73 | P8: aviator-user | Q8: [50,1000) | R8: A组 | S8: 0 | T8: 0 | U8: 0
A9: 2026-06-02 | B9: ke | C9: 12450521 | D9: 254703325859 | E9: 45361.062 | F9: 971.38 | G9: 0 | H9: 971.38 | I9: 69.88 | J9: 0 | K9: 69.88 | L9: 89.4 | M9: 11890 | N9: 20.25 | O9: 2693.25 | P9: aviator-user | Q9: [50,1000) | R9: A组 | S9: 0 | T9: 0 | U9: 0
A10: 2026-06-02 | B10: ke | C10: 8093860 | D10: 254703581163 | E10: 44723.818 | F10: 3944.05 | G10: 0.04 | H10: 3944.02 | I10: 214.33 | J10: 0.04 | K10: 214.29 | L10: 447.96 | M10: 59579 | N10: 0 | O10: 0 | P10: casino-user | Q10: [50,1000) | R10: A组 | S10: 0 | T10: 0 | U10: 0
A11: 2026-06-02 | B11: ke | C11: 21941060 | D11: 254707025433 | E11: 46098.55 | F11: 880.3 | G11: 0 | H11: 880.3 | I11: 12.97 | J11: 0 | K11: 12.97 | L11: 51.09 | M11: 6795 | N11: 97.07 | O11: 12910.31 | P11: aviator-user | Q11: [50,1000) | R11: A组 | S11: 0 | T11: 0 | U11: 0
A12: 2026-06-02 | B12: ke | C12: 3021851 | D12: 254707829195 | E12: 44132.584 | F12: 1139.86 | G12: 0.76 | H12: 1139.1 | I12: 130.88 | J12: 0.5 | K12: 131.13 | L12: 342.45 | M12: 45546 | N12: 28.07 | O12: 3733.31 | P12: casino-user | Q12: [50,1000) | R12: A组 | S12: 0 | T12: 0 | U12: 0
A13: 2026-06-02 | B13: ke | C13: 15251970 | D13: 254710659278 | E13: 45657.349 | F13: 565.21 | G13: 0.9 | H13: 563.18 | I13: 73.49 | J13: 0.9 | K13: 72.59 | L13: 86.1 | M13: 11451 | N13: 68.71 | O13: 9138.43 | P13: casino-user | Q13: [50,1000) | R13: A组 | S13: 0 | T13: 0 | U13: 0
A14: 2026-06-02 | B14: ke | C14: 17453882 | D14: 254712366285 | E14: 45856.344 | F14: 23141.11 | G14: 0 | H14: 23141.11 | I14: 301.26 | J14: 0 | K14: 301.26 | L14: 3194.11 | M14: 424817 | N14: 241.43 | O14: 32110.19 | P14: aviator-user | Q14: [1000,10w) | R14: A组 | S14: 0 | T14: 0 | U14: 0
A15: 2026-06-02 | B15: ke | C15: 19874242 | D15: 254712666371 | E15: 45994.931 | F15: 435.15 | G15: 0 | H15: 435.15 | I15: 18.06 | J15: 0 | K15: 18.06 | L15: 149.07 | M15: 19826 | N15: 53.29 | O15: 7087.57 | P15: aviator-user | Q15: [50,1000) | R15: A组 | S15: 0 | T15: 0 | U15: 0
A16: 2026-06-02 | B16: ke | C16: 17833170 | D16: 254712671248 | E16: 45877.606 | F16: 291.34 | G16: 0.21 | H16: 291.13 | I16: 123.02 | J16: 0.21 | K16: 122.8 | L16: 129.55 | M16: 17230 | N16: 123.07 | O16: 16368.31 | P16: aviator-user | Q16: [50,1000) | R16: A组 | S16: 0 | T16: 0 | U16: 0
... A25: 2026-06-02 | B25: ke | C25: 22076041 | D25: 254718571705 | E25: 46106.342 | F25: 5432.94 | G25: 0 | H25: 5432.94 | I25: -22.58 | J25: 0 | K25: -22.58 | L25: 385.34 | M25: 51250 | N25: 732.14 | O25: 97374.62 | P25: aviator-user | Q25: [50,1000) | R25: A组 | S25: 0 | T25: 0 | U25: 0
A26: 2026-06-02 | B26: ke | C26: 86150 | D26: 254718873432 | E26: 43869.414 | F26: 201439.51 | G26: 57.16 | H26: 201382.35 | I26: 2408.51 | J26: 14.91 | K26: 2393.59 | L26: 35000.12 | M26: 4655016 | N26: 2453.74 | O26: 326347.42 | P26: casino-user | Q26: [1000,10w) | R26: A组 | S26: 0 | T26: 0 | U26: 1 | V26: 1
A27: 2026-06-02 | B27: ke | C27: 433962 | D27: 254719211217 | E27: 43919.432 | F27: 269.4 | G27: 0.01 | H27: 269.39 | I27: 48.57 | J27: 0.01 | K27: 48.57 | L27: 102.66 | M27: 13654 | N27: 0 | O27: 0 | P27: casino-user | Q27: [50,1000) | R27: A组 | S27: 0 | T27: 0 | U27: 0
A28: 2026-06-02 | B28: ke | C28: 7890230 | D28: 254722484393 | E28: 44685.732 | F28: 277.17 | G28: 19.62 | H28: 257.55 | I28: -13.89 | J28: -18.98 | K28: 5.85 | L28: 58.29 | M28: 7752 | N28: 44.66 | O28: 5939.78 | P28: aviator-user | Q28: [50,1000) | R28: A组 | S28: 0 | T28: 0 | U28: 0
A29: 2026-06-02 | B29: ke | C29: 8075822 | D29: 254722520329 | E29: 44720.309 | F29: 7478.73 | G29: 87.22 | H29: 7391.51 | I29: 268.24 | J29: 77.78 | K29: 190.46 | L29: 451.68 | M29: 60074 | N29: 0 | O29: 0 | P29: casino-user | Q29: [50,1000) | R29: A组 | S29: 0 | T29: 0 | U29: 0
A30: 2026-06-02 | B30: ke | C30: 13831930 | D30: 254722896574 | E30: 45560.707 | F30: 1438.72 | G30: 0 | H30: 1438.72 | I30: 239.77 | J30: 0 | K30: 239.77 | L30: 371.12 | M30: 49359 | N30: 0 | O30: 0 | P30: casino-user | Q30: [50,1000) | R30: A组 | S30: 0 | T30: 0 | U30: 0
A31: 2026-06-02 | B31: ke | C31: 4979980 | D31: 254723936569 | E31: 44380.607 | F31: 2976.11 | G31: 0.04 | H31: 2976.07 | I31: 108.66 | J31: 0.04 | K31: 108.63 | L31: 453.08 | M31: 60260 | N31: 0 | O31: 0 | P31: casino-user | Q31: [50,1000) | R31: A组 | S31: 0 | T31: 0 | U31: 0
A32: 2026-06-02 | B32: ke | C32: 12171341 | D32: 254725227759 | E32: 45318.534 | F32: 9806.87 | G32: 0.01 | H32: 9806.87 | I32: -119.58 | J32: 0.01 | K32: -119.59 | L32: 1381.2 | M32: 183700 | N32: 107.14 | O32: 14249.62 | P32: aviator-user | Q32: [1000,10w) | R32: A组 | S32: 0 | T32: 0 | U32: 0
A33: 2026-06-02 | B33: ke | C33: 12051141 | D33: 254725327057 | E33: 45307.801 | F33: 403.76 | G33: 0 | H33: 403.76 | I33: 212.1 | J33: 0 | K33: 212.1 | L33: 236.68 | M33: 31479 | N33: 14.29 | O33: 1900.57 | P33: aviator-user | Q33: [50,1000) | R33: A组 | S33: 0 | T33: 0 | U33: 0
A34: 2026-06-02 | B34: ke | C34: 16230890 | D34: 254726479727 | E34: 45760.644 | F34: 322.68 | G34: 0 | H34: 322.68 | I34: 36.34 | J34: 0 | K34: 36.34 | L34: 85.85 | M34: 11418 | N34: 81.23 | O34: 10803.59 | P34: aviator-user | Q34: [50,1000) | R34: A组 | S34: 0 | T34: 0 | U34: 0
A35: 2026-06-02 | B35: ke | C35: 3908470 | D35: 254726552750 | E35: 44278.436 | F35: 967.55 | G35: 0.23 | H35: 967.32 | I35: 120.47 | J35: 0.23 | K35: 120.99 | L35: 260.55 | M35: 34653 | N35: 0 | O35: 0 | P35: casino-user | Q35: [50,1000) | R35: A组 | S35: 0 | T35: 0 | U35: 0
A36: 2026-06-02 | B36: ke | C36: 21745740 | D36: 254726713819 | E36: 46087.998 | F36: 401.02 | G36: 0 | H36: 401.02 | I36: -71.83 | J36: 0 | K36: -71.83 | L36: 89.31 | M36: 11878 | N36: 84.84 | O36: 11283.72 | P36: casino-user | Q36: [50,1000) | R36: A组 | S36: 0 | T36: 0 | U36: 0
A37: 2026-06-02 | B37: ke | C37: 16787552 | D37: 254729060989 | E37: 45802.858 | F37: 35399.22 | G37: 4.26 | H37: 35394.97 | I37: 1370.06 | J37: 4.26 | K37: 1365.8 | L37: 2381.45 | M37: 316733 | N37: 2826 | O37: 375858 | P37: casino-user | Q37: [1000,10w) | R37: A组 | S37: 0 | T37: 0 | U37: 0
A38: 2026-06-02 | B38: ke | C38: 8736450 | D38: 254740659395 | E38: 44822.873 | F38: 17855.71 | G38: 1.77 | H38: 17853.94 | I38: 756.78 | J38: 1.77 | K38: 755.01 | L38: 1995.02 | M38: 265337 | N38: 109.91 | O38: 14618.03 | P38: casino-user | Q38: [1000,10w) | R38: A组 | S38: 0 | T38: 0 | U38: 0
... A58: 2026-06-02 | B58: ke | C58: 20679651 | D58: 254796811544 | E58: 46032.841 | F58: 8199.47 | G58: 0 | H58: 8199.47 | I58: 630.3 | J58: 0 | K58: 630.3 | L58: 2183.16 | M58: 290360 | N58: 1325.19 | O58: 176250.27 | P58: aviator-user | Q58: [1000,10w) | R58: A组 | S58: 0 | T58: 0 | U58: 0
A59: 2026-06-03 | B59: ke | C59: 8786540 | D59: 254115340046 | E59: 44833.174 | F59: 6185.22 | G59: 3.75 | H59: 6181.46 | I59: -55.13 | J59: 3.75 | K59: -58.88 | L59: 1580.49 | M59: 210205 | N59: 24.37 | O59: 3241.21 | P59: casino-user | Q59: [1000,10w) | R59: Group A | S59: 0 | T59: 0 | U59: 0
A60: 2026-06-03 | B60: ke | C60: 18838120 | D60: 254116176707 | E60: 45937.532 | F60: 330.93 | G60: 0.1 | H60: 330.83 | I60: 15.62 | J60: -0.22 | K60: 15.84 | L60: 70.53 | M60: 9381 | N60: 67.01 | O60: 8912.33 | P60: aviator-user | Q60: [50,1000) | R60: Group A | S60: 0 | T60: 0 | U60: 0
A61: 2026-06-03 | B61: ke | C61: 20667840 | D61: 254117536106 | E61: 46032.413 | F61: 2441.78 | G61: 0.14 | H61: 2441.65 | I61: 207.81 | J61: 0.14 | K61: 207.68 | L61: 341.47 | M61: 45415 | N61: 264.04 | O61: 35117.32 | P61: casino-user | Q61: [50,1000) | R61: Group A | S61: 0 | T61: 0 | U61: 0
A62: 2026-06-03 | B62: ke | C62: 22263010 | D62: 254118389347 | E62: 46117.598 | F62: 515.15 | G62: 0 | H62: 515.15 | I62: 50.53 | J62: 0 | K62: 50.53 | L62: 109.74 | M62: 14595 | N62: 104.25 | O62: 13865.25 | P62: aviator-user | Q62: [50,1000) | R62: Group A | S62: 0 | T62: 0 | U62: 0
A63: 2026-06-03 | B63: ke | C63: 20967302 | D63: 254119659526 | E63: 46047.695 | F63: 1586.22 | G63: 0 | H63: 1586.22 | I63: 98.33 | J63: -0.24 | K63: 98.57 | L63: 103.51 | M63: 13767 | N63: 50.98 | O63: 6780.34 | P63: casino-user | Q63: [50,1000) | R63: Group A | S63: 0 | T63: 0 | U63: 0
A64: 2026-06-03 | B64: ke | C64: 20089772 | D64: 254700688912 | E64: 46004.62 | F64: 1836.36 | G64: 0 | H64: 1836.36 | I64: 147.32 | J64: 0 | K64: 147.32 | L64: 437.11 | M64: 58135 | N64: 414.29 | O64: 55100.57 | P64: aviator-user | Q64: [50,1000) | R64: Group A | S64: 0 | T64: 0 | U64: 0
A65: 2026-06-03 | B65: ke | C65: 11930770 | D65: 254702569649 | E65: 45297.537 | F65: 232.91 | G65: 0 | H65: 232.91 | I65: 42.06 | J65: 0 | K65: 42.06 | L65: 83.41 | M65: 11094 | N65: 51.4 | O65: 6836.2 | P65: casino-user | Q65: [50,1000) | R65: Group A | S65: 0 | T65: 0 | U65: 0
A66: 2026-06-03 | B66: ke | C66: 4819872 | D66: 254704021138 | E66: 44367.329 | F66: 336.43 | G66: 0 | H66: 336.43 | I66: 31.4 | J66: 0 | K66: 31.4 | L66: 100.24 | M66: 13332 | N66: 0 | O66: 0 | P66: casino-user | Q66: [50,1000) | R66: Group A | S66: 0 | T66: 0 | U66: 0
A67: 2026-06-03 | B67: ke | C67: 22174682 | D67: 254704177773 | E67: 46112.382 | F67: 1015.07 | G67: 1.2 | H67: 1013.87 | I67: 60.7 | J67: -0.03 | K67: 60.73 | L67: 105.45 | M67: 14025 | N67: 100.18 | O67: 13323.94 | P67: casino-user | Q67: [50,1000) | R67: Group A | S67: 0 | T67: 0 | U67: 0
A68: 2026-06-03 | B68: ke | C68: 13220582 | D68: 254704778099 | E68: 45468.59 | F68: 231.41 | G68: 0.08 | H68: 231.33 | I68: 9.57 | J68: 0.08 | K68: 9.48 | L68: 57.57 | M68: 7657 | N68: 0 | O68: 0 | P68: casino-user | Q68: [50,1000) | R68: Group A | S68: 0 | T68: 0 | U68: 0
A69: 2026-06-03 | B69: ke | C69: 18815111 | D69: 254704947195 | E69: 45935.682 | F69: 1128.66 | G69: 0 | H69: 1128.66 | I69: 39.4 | J69: 0 | K69: 39.4 | L69: 144.89 | M69: 19270 | N69: 29.57 | O69: 3932.81 | P69: aviator-user | Q69: [50,1000) | R69: Group A | S69: 0 | T69: 0 | U69: 0
A70: 2026-06-03 | B70: ke | C70: 17841480 | D70: 254705094468 | E70: 45878.286 | F70: 2845.08 | G70: 0 | H70: 2845.08 | I70: 91.17 | J70: 0 | K70: 91.17 | L70: 266.31 | M70: 35419 | N70: 68.58 | O70: 9121.14 | P70: aviator-user | Q70: [50,1000) | R70: Group A | S70: 0 | T70: 0 | U70: 0
... A97: 2026-06-03 | B97: ke | C97: 2280380 | D97: 254725597316 | E97: 44065.578 | F97: 1712.56 | G97: 3.73 | H97: 1708.83 | I97: 18.33 | J97: 3.73 | K97: 15.35 | L97: 75.8 | M97: 10081 | N97: 3.19 | O97: 424.27 | P97: aviator-user | Q97: [50,1000) | R97: Group A | S97: 0 | T97: 0 | U97: 0
A98: 2026-06-03 | B98: ke | C98: 12388092 | D98: 254726178163 | E98: 45351.451 | F98: 73296.07 | G98: 0 | H98: 73296.07 | I98: 2893.59 | J98: 0 | K98: 2893.59 | L98: 9107.42 | M98: 1211287 | N98: 6155.44 | O98: 818673.52 | P98: aviator-user | Q98: [1000,10w) | R98: Group A | S98: 0 | T98: 0 | U98: 1 | V98: 1
A99: 2026-06-03 | B99: ke | C99: 22444840 | D99: 254726798896 | E99: 46127.915 | F99: 1021.43 | G99: 0 | H99: 1021.43 | I99: 26.62 | J99: 0 | K99: 26.62 | L99: 185.14 | M99: 24624 | N99: 175.89 | O99: 23393.37 | P99: aviator-user | Q99: [50,1000) | R99: Group A | S99: 0 | T99: 0 | U99: 0
A100: 2026-06-03 | B100: ke | C100: 3267081 | D100: 254727454468 | E100: 44160.272 | F100: 4277.84 | G100: 0.24 | H100: 4277.6 | I100: 14.11 | J100: -0.09 | K100: 14.19 | L100: 559.55 | M100: 74420 | N100: 212.02 | O100: 28198.66 | P100: casino-user | Q100: [50,1000) | R100: Group A | S100: 0 | T100: 0 | U100: 0
A101: 2026-06-03 | B101: ke | C101: 12275972 | D101: 254728421694 | E101: 45330.685 | F101: 531.73 | G101: 0 | H101: 531.73 | I101: 56.36 | J101: 0 | K101: 56.36 | L101: 141.11 | M101: 18767 | N101: 50.85 | O101: 6763.05 | P101: aviator-user | Q101: [50,1000) | R101: Group A | S101: 0 | T101: 0 | U101: 0
A102: 2026-06-03 | B102: ke | C102: 2730172 | D102: 254728699987 | E102: 44107.413 | F102: 9675.85 | G102: 52.47 | H102: 9623.39 | I102: 591.96 | J102: 35.52 | K102: 556.44 | L102: 1171.42 | M102: 155799 | N102: 2.06 | O102: 273.98 | P102: casino-user | Q102: [1000,10w) | R102: Group A | S102: 0 | T102: 0 | U102: 0
A103: 2026-06-03 | B103: ke | C103: 13240170 | D103: 254741049497 | E103: 45472.514 | F103: 3036.84 | G103: 0.09 | H103: 3036.75 | I103: 225.21 | J103: 0.09 | K103: 225.12 | L103: 259.85 | M103: 34560 | N103: 0 | O103: 0 | P103: aviator-user | Q103: [50,1000) | R103: Group A | S103: 0 | T103: 0 | U103: 0
A104: 2026-06-03 | B104: ke | C104: 19420552 | D104: 254741423183 | E104: 45974.293 | F104: 4195.72 | G104: 5.47 | H104: 4190.25 | I104: 299.59 | J104: 4.85 | K104: 294.75 | L104: 1871.85 | M104: 248956 | N104: 939.44 | O104: 124945.52 | P104: casino-user | Q104: [1000,10w) | R104: Group A | S104: 0 | T104: 0 | U104: 0
A105: 2026-06-03 | B105: ke | C105: 14894640 | D105: 254743558162 | E105: 45626.732 | F105: 203.62 | G105: 2.14 | H105: 201.48 | I105: 19.15 | J105: 1.14 | K105: 18.08 | L105: 60.6 | M105: 8060 | N105: 0.71 | O105: 94.43 | P105: casino-user | Q105: [50,1000) | R105: Group A | S105: 0 | T105: 0 | U105: 0
A106: 2026-06-03 | B106: ke | C106: 18841080 | D106: 254745486690 | E106: 45937.726 | F106: 1230.06 | G106: 0.15 | H106: 1229.91 | I106: 44.3 | J106: 0.15 | K106: 44.15 | L106: 178.08 | M106: 23685 | N106: 38.71 | O106: 5148.43 | P106: casino-user | Q106: [50,1000) | R106: Group A | S106: 0 | T106: 0 | U106: 0
A107: 2026-06-03 | B107: ke | C107: 2702120 | D107: 254745618260 | E107: 44104.572 | F107: 1157.32 | G107: 0.02 | H107: 1157.31 | I107: -29.53 | J107: 0.02 | K107: -29.55 | L107: 98.68 | M107: 13125 | N107: 27.05 | O107: 3597.65 | P107: aviator-user | Q107: [50,1000) | R107: Group A | S107: 0 | T107: 0 | U107: 0
A108: 2026-06-03 | B108: ke | C108: 480152 | D108: 254746941428 | E108: 43922.191 | F108: 3564.59 | G108: 4.69 | H108: 3559.9 | I108: 169.5 | J108: 4.69 | K108: 164.81 | L108: 446.75 | M108: 59418 | N108: 22.05 | O108: 2932.65 | P108: casino-user | Q108: [50,1000) | R108: Group A | S108: 0 | T108: 0 | U108: 0
A109: 2026-06-03 | B109: ke | C109: 11928660 | D109: 254748206448 | E109: 45297.388 | F109: 496.34 | G109: 0 | H109: 496.34 | I109: -17.42 | J109: 0 | K109: -17.42 | L109: 116.17 | M109: 15450 | N109: 0 | O109: 0 | P109: aviator-user | Q109: [50,1000) | R109: Group A | S109: 0 | T109: 0 | U109: 0
A110: 2026-06-03 | B110: ke | C110: 18888250 | D110: 254748657306 | E110: 45940.422 | F110: 1146.22 | G110: 0.01 | H110: 1146.21 | I110: 32.08 | J110: 0.01 | K110: 32.07 | L110: 156.11 | M110: 20762 | N110: 58.9 | O110: 7833.7 | P110: aviator-user | Q110: [50,1000) | R110: Group A | S110: 0 | T110: 0 | U110: 0
... A124: 2026-06-03 | B124: ke | C124: 11686570 | D124: 254799264269 | E124: 45274.395 | F124: 2706.53 | G124: 0 | H124: 2706.53 | I124: 3.04 | J124: 0 | K124: 3.04 | L124: 681.51 | M124: 90641 | N124: 138.65 | O124: 18440.45 | P124: aviator-user | Q124: [50,1000) | R124: Group A | S124: 0 | T124: 0 | U124: 0
A125: 2026-06-04 | B125: ke | C125: 22042351 | D125: 254110836813 | E125: 46104.421 | F125: 613.58 | G125: 0.23 | H125: 613.35 | I125: 4.3 | J125: 0.23 | K125: 4.07 | L125: 91.3 | M125: 12143 | N125: 86.74 | O125: 11535.85 | P125: aviator-user | Q125: [50,1000) | R125: Group A | S125: 0 | T125: 0 | U125: 0
A126: 2026-06-04 | B126: ke | C126: 11373861 | D126: 254110861850 | E126: 45247.829 | F126: 965.25 | G126: 0 | H126: 965.25 | I126: 38.51 | J126: 0 | K126: 38.51 | L126: 196.63 | M126: 26152 | N126: 51.27 | O126: 6819.1 | P126: casino-user | Q126: [50,1000) | R126: Group A | S126: 0 | T126: 0 | U126: 0
A127: 2026-06-04 | B127: ke | C127: 19637522 | D127: 254116513295 | E127: 45983.32 | F127: 237.67 | G127: 0.27 | H127: 237.4 | I127: 37.75 | J127: -0.5 | K127: 38.26 | L127: 53.83 | M127: 7160 | N127: 30.38 | O127: 4040.35 | P127: aviator-user | Q127: [50,1000) | R127: Group A | S127: 0 | T127: 0 | U127: 0
A128: 2026-06-04 | B128: ke | C128: 21622971 | D128: 254117580706 | E128: 46081.814 | F128: 16641.19 | G128: 0 | H128: 16641.19 | I128: 22.11 | J128: 0 | K128: 22.11 | L128: 1354.16 | M128: 180103 | N128: 1282.87 | O128: 170621.9 | P128: aviator-user | Q128: [1000,10w) | R128: Group A | S128: 0 | T128: 0 | U128: 0
A129: 2026-06-04 | B129: ke | C129: 20485172 | D129: 254119283097 | E129: 46023.82 | F129: 348.69 | G129: 15.28 | H129: 333.41 | I129: 27.46 | J129: -0.49 | K129: 27.95 | L129: 105.98 | M129: 14096 | N129: 0.67 | O129: 89.3 | P129: aviator-user | Q129: [50,1000) | R129: Group A | S129: 0 | T129: 0 | U129: 0
A130: 2026-06-04 | B130: ke | C130: 22930222 | D130: 254140621618 | E130: 46161.297 | F130: 0.75 | G130: 0 | H130: 0.75 | I130: 0.75 | J130: 0 | K130: 0.75 | L130: 375.94 | M130: 50000 | N130: 357.14 | O130: 47500 | P130: aviator-user | Q130: [50,1000) | R130: Group A | S130: 0 | T130: 0 | U130: 0
A131: 2026-06-04 | B131: ke | C131: 22584030 | D131: 254701304143 | E131: 46136.322 | F131: 624.75 | G131: 0 | H131: 624.75 | I131: 13.43 | J131: 0 | K131: 13.43 | L131: 100.39 | M131: 13352 | N131: 95.37 | O131: 12684.4 | P131: aviator-user | Q131: [50,1000) | R131: Group A | S131: 0 | T131: 0 | U131: 0
A132: 2026-06-04 | B132: ke | C132: 21255362 | D132: 254701669754 | E132: 46063.756 | F132: 2947.4 | G132: 7.84 | H132: 2939.56 | I132: 83.17 | J132: -23.04 | K132: 106.2 | L132: 422.26 | M132: 56161 | N132: 399.11 | O132: 53081.25 | P132: casino-user | Q132: [50,1000) | R132: Group A | S132: 0 | T132: 0 | U132: 0
A133: 2026-06-04 | B133: ke | C133: 15405231 | D133: 254701945725 | E133: 45668.421 | F133: 373.13 | G133: 0.8 | H133: 372.33 | I133: 11.89 | J133: 0.03 | K133: 11.86 | L133: 62.25 | M133: 8279 | N133: 1.06 | O133: 140.6 | P133: casino-user | Q133: [50,1000) | R133: Group A | S133: 0 | T133: 0 | U133: 0
A134: 2026-06-04 | B134: ke | C134: 9545190 | D134: 254702172156 | E134: 44988.731 | F134: 283.32 | G134: 0 | H134: 283.32 | I134: 44.94 | J134: 0 | K134: 44.94 | L134: 86.16 | M134: 11459 | N134: 2.86 | O134: 380 | P134: casino-user | Q134: [50,1000) | R134: Group A | S134: 0 | T134: 0 | U134: 0
A135: 2026-06-04 | B135: ke | C135: 13374861 | D135: 254702759164 | E135: 45498.561 | F135: 18493.72 | G135: 0 | H135: 18493.72 | I135: 700.19 | J135: 0 | K135: 700.19 | L135: 2273.53 | M135: 302379 | N135: 511.47 | O135: 68025.5 | P135: aviator-user | Q135: [1000,10w) | R135: Group A | S135: 0 | T135: 0 | U135: 1 | V135: 1
A136: 2026-06-04 | B136: ke | C136: 22824652 | D136: 254702896654 | E136: 46153.629 | F136: 17026.84 | G136: 0 | H136: 17026.84 | I136: 1039.08 | J136: 0 | K136: 1039.08 | L136: 1187.97 | M136: 158000 | N136: 1128.57 | O136: 150100 | P136: aviator-user | Q136: [1000,10w) | R136: Group A | S136: 0 | T136: 0 | U136: 0
A137: 2026-06-04 | B137: ke | C137: 8078471 | D137: 254703938238 | E137: 44720.772 | F137: 551.63 | G137: 64.83 | H137: 486.8 | I137: 210.96 | J137: 20.47 | K137: 190.49 | L137: 355.75 | M137: 47315 | N137: 337.96 | O137: 44949.25 | P137: bet&casino-user | Q137: [50,1000) | R137: Group A | S137: 2000 | T137: 0 | U137: 0
A138: 2026-06-04 | B138: ke | C138: 13125261 | D138: 254705375701 | E138: 45449.348 | F138: 1468.41 | G138: 0 | H138: 1468.41 | I138: -42.49 | J138: 0 | K138: -42.49 | L138: 127.38 | M138: 16942 | N138: 77.16 | O138: 10261.9 | P138: aviator-user | Q138: [50,1000) | R138: Group A | S138: 0 | T138: 0 | U138: 0
A139: 2026-06-04 | B139: ke | C139: 342930 | D139: 254706336147 | E139: 43918.806 | F139: 13853.32 | G139: 109.86 | H139: 13743.46 | I139: 917.55 | J139: -25.52 | K139: 943.07 | L139: 1637.64 | M139: 217806 | N139: 33.56 | O139: 4463.1 | P139: aviator-user | Q139: [1000,10w) | R139: Group A | S139: 0 | T139: 0 | U139: 0
A140: 2026-06-04 | B140: ke | C140: 10152922 | D140: 254706383103 | E140: 45103.088 | F140: 2007.59 | G140: 0.07 | H140: 2007.52 | I140: 96.35 | J140: 0.06 | K140: 108.02 | L140: 183.26 | M140: 24374 | N140: 0 | O140: 0 | P140: casino-user | Q140: [50,1000) | R140: Group A | S140: 0 | T140: 0 | U140: 0
A141: 2026-06-04 | B141: ke | C141: 13348491 | D141: 254706643554 | E141: 45493.792 | F141: 243.78 | G141: 0.09 | H141: 243.69 | I141: -4.14 | J141: 0.07 | K141: -4.21 | L141: 54.53 | M141: 7252 | N141: 26.43 | O141: 3515 | P141: aviator-user | Q141: [50,1000) | R141: Group A | S141: 0 | T141: 0 | U141: 0
A142: 2026-06-04 | B142: ke | C142: 10554370 | D142: 254706989984 | E142: 45170.507 | F142: 5644.43 | G142: 0.77 | H142: 5643.65 | I142: 367.58 | J142: 0.75 | K142: 366.83 | L142: 2328.2 | M142: 309650 | N142: 126.43 | O142: 16815 | P142: casino-user | Q142: [1000,10w) | R142: Group A | S142: 0 | T142: 0 | U142: 0
A143: 2026-06-04 | B143: ke | C143: 4841172 | D143: 254711357330 | E143: 44368.476 | F143: 347.07 | G143: 6.06 | H143: 341.01 | I143: 29.25 | J143: 3.15 | K143: 26.1 | L143: 109.81 | M143: 14605 | N143: 4.46 | O143: 593.75 | P143: aviator-user | Q143: [50,1000) | R143: Group A | S143: 0 | T143: 0 | U143: 0
A144: 2026-06-04 | B144: ke | C144: 19992051 | D144: 254712530713 | E144: 46000.462 | F144: 409.98 | G144: 0.17 | H144: 409.81 | I144: 26.63 | J144: 0.17 | K144: 26.46 | L144: 97.44 | M144: 12960 | N144: 10.89 | O144: 1448.75 | P144: casino-user | Q144: [50,1000) | R144: Group A | S144: 0 | T144: 0 | U144: 0
A145: 2026-06-04 | B145: ke | C145: 22791530 | D145: 254712786429 | E145: 46150.881 | F145: 6545.68 | G145: 0 | H145: 6545.68 | I145: 251.51 | J145: 0 | K145: 251.51 | L145: 555.6 | M145: 73895 | N145: 527.82 | O145: 70200.25 | P145: aviator-user | Q145: [50,1000) | R145: Group A | S145: 0 | T145: 0 | U145: 0
A146: 2026-06-04 | B146: ke | C146: 17061780 | D146: 254713655622 | E146: 45827.627 | F146: 531.49 | G146: 0.05 | H146: 531.44 | I146: 3.35 | J146: 0.05 | K146: 3.31 | L146: 84.89 | M146: 11290 | N146: 3.57 | O146: 475 | P146: casino-user | Q146: [50,1000) | R146: Group A | S146: 0 | T146: 0 | U146: 0
A147: 2026-06-04 | B147: ke | C147: 22615410 | D147: 254715416505 | E147: 46138.645 | F147: 513.02 | G147: 0.38 | H147: 512.64 | I147: 56.74 | J147: 0.21 | K147: 56.53 | L147: 119.47 | M147: 15890 | N147: 113.5 | O147: 15095.5 | P147: aviator-user | Q147: [50,1000) | R147: Group A | S147: 0 | T147: 0 | U147: 0
... A159: 2026-06-04 | B159: ke | C159: 13635192 | D159: 254724676563 | E159: 45543.795 | F159: 4036.7 | G159: 0.2 | H159: 4036.5 | I159: 252.39 | J159: 0.2 | K159: 252.19 | L159: 486.69 | M159: 64730 | N159: 0 | O159: 0 | P159: aviator-user | Q159: [50,1000) | R159: Group A | S159: 0 | T159: 0 | U159: 0
A160: 2026-06-04 | B160: ke | C160: 155980 | D160: 254725223000 | E160: 43909.417 | F160: 11579.33 | G160: 1.98 | H160: 11577.35 | I160: 601.92 | J160: -11.19 | K160: 613.11 | L160: 4045.17 | M160: 538007 | N160: 38.74 | O160: 5153 | P160: casino-user | Q160: [1000,10w) | R160: Group A | S160: 0 | T160: 0 | U160: 1 | V160: 1
A161: 2026-06-04 | B161: ke | C161: 4320511 | D161: 254725271182 | E161: 44306.678 | F161: 2765.29 | G161: 0.38 | H161: 2764.91 | I161: 241.1 | J161: 0.38 | K161: 240.73 | L161: 906.84 | M161: 120610 | N161: 5.11 | O161: 680 | P161: casino-user | Q161: [50,1000) | R161: Group A | S161: 0 | T161: 0 | U161: 0
A162: 2026-06-04 | B162: ke | C162: 17044890 | D162: 254725793059 | E162: 45826.355 | F162: 2776.15 | G162: 0.03 | H162: 2776.12 | I162: 258.78 | J162: 0.01 | K162: 258.77 | L162: 713.53 | M162: 94900 | N162: 126.43 | O162: 16815 | P162: aviator-user | Q162: [50,1000) | R162: Group A | S162: 0 | T162: 0 | U162: 0
A163: 2026-06-04 | B163: ke | C163: 22579322 | D163: 254726336734 | E163: 46135.846 | F163: 2090.01 | G163: 0.01 | H163: 2090 | I163: 55.76 | J163: 0.01 | K163: 55.75 | L163: 251.5 | M163: 33449 | N163: 238.92 | O163: 31776.55 | P163: aviator-user | Q163: [50,1000) | R163: Group A | S163: 0 | T163: 0 | U163: 0
A164: 2026-06-04 | B164: ke | C164: 11670382 | D164: 254726660315 | E164: 45272.847 | F164: 2042.67 | G164: 0.03 | H164: 2042.64 | I164: -218.58 | J164: 0.03 | K164: -218.61 | L164: 288.1 | M164: 38317 | N164: 209.09 | O164: 27808.4 | P164: aviator-user | Q164: [50,1000) | R164: Group A | S164: 0 | T164: 0 | U164: 0
A165: 2026-06-04 | B165: ke | C165: 14146882 | D165: 254727012847 | E165: 45580.788 | F165: 1393.8 | G165: 0.02 | H165: 1393.78 | I165: 24.54 | J165: 0.02 | K165: 24.53 | L165: 295.78 | M165: 39339 | N165: 31.88 | O165: 4239.85 | P165: aviator-user | Q165: [50,1000) | R165: Group A | S165: 0 | T165: 0 | U165: 0
A166: 2026-06-04 | B166: ke | C166: 20571712 | D166: 254735365608 | E166: 46028.343 | F166: 642.11 | G166: 0 | H166: 642.11 | I166: 126.27 | J166: 0 | K166: 126.27 | L166: 143.18 | M166: 19043 | N166: 120.81 | O166: 16067.35 | P166: aviator-user | Q166: [50,1000) | R166: Group A | S166: 0 | T166: 0 | U166: 0
A167: 2026-06-04 | B167: ke | C167: 17998400 | D167: 254743247634 | E167: 45887.813 | F167: 1178.6 | G167: 1.23 | H167: 1177.37 | I167: 125.5 | J167: 0.94 | K167: 124.57 | L167: 341.97 | M167: 45482 | N167: 79.48 | O167: 10570.65 | P167: casino-user | Q167: [50,1000) | R167: Group A | S167: 0 | T167: 0 | U167: 0
A168: 2026-06-04 | B168: ke | C168: 18490251 | D168: 254743456689 | E168: 45915.601 | F168: 422.42 | G168: 0.75 | H168: 421.67 | I168: 11.33 | J168: 0.62 | K168: 10.71 | L168: 112.41 | M168: 14950 | N168: 41.5 | O168: 5519.5 | P168: aviator-user | Q168: [50,1000) | R168: Group A | S168: 0 | T168: 0 | U168: 0
A169: 2026-06-04 | B169: ke | C169: 22279532 | D169: 254743677971 | E169: 46118.622 | F169: 381.21 | G169: 0.08 | H169: 381.13 | I169: -18.25 | J169: 0.08 | K169: -18.33 | L169: 70.45 | M169: 9370 | N169: 66.93 | O169: 8901.5 | P169: casino-user | Q169: [50,1000) | R169: Group A | S169: 0 | T169: 0 | U169: 0
A170: 2026-06-04 | B170: ke | C170: 17870830 | D170: 254745486082 | E170: 45880.712 | F170: 418.38 | G170: 0.02 | H170: 418.37 | I170: 39.91 | J170: -0.02 | K170: 39.93 | L170: 105.26 | M170: 14000 | N170: 9.29 | O170: 1235 | P170: aviator-user | Q170: [50,1000) | R170: Group A | S170: 0 | T170: 0 | U170: 0
A171: 2026-06-04 | B171: ke | C171: 22705041 | D171: 254748133967 | E171: 46144.84 | F171: 277.56 | G171: 0.01 | H171: 277.55 | I171: 7.33 | J171: 0.01 | K171: 7.32 | L171: 121.48 | M171: 16157 | N171: 115.41 | O171: 15349.15 | P171: aviator-user | Q171: [50,1000) | R171: Group A | S171: 0 | T171: 0 | U171: 0
A172: 2026-06-04 | B172: ke | C172: 14580612 | D172: 254758884819 | E172: 45606.725 | F172: 1347.25 | G172: 0.03 | H172: 1347.22 | I172: 10.1 | J172: 0.03 | K172: 10.07 | L172: 115.56 | M172: 15370 | N172: 70.5 | O172: 9376.5 | P172: aviator-user | Q172: [50,1000) | R172: Group A | S172: 0 | T172: 0 | U172: 0
... A246: 2026-06-05 | B246: ke | C246: 13569290 | D246: 254769338060 | E246: 45537.565 | F246: 1653.64 | G246: 0.41 | H246: 1653.24 | I246: 68.91 | J246: 0.41 | K246: 68.5 | L246: 173.85 | M246: 23122 | N246: 11.94 | O246: 1588.4 | P246: aviator-user | Q246: [50,1000) | R246: Group A | S246: 0 | T246: 0 | U246: 0
A247: 2026-06-05 | B247: ke | C247: 17256152 | D247: 254769908165 | E247: 45841.864 | F247: 6147.16 | G247: 0.95 | H247: 6146.22 | I247: -56.4 | J247: 0.95 | K247: 93.02 | L247: 534.36 | M247: 71070 | N247: 45.88 | O247: 6102 | P247: casino-user | Q247: [50,1000) | R247: Group A | S247: 0 | T247: 0 | U247: 1 | V247: 1
A248: 2026-06-05 | B248: ke | C248: 16927190 | D248: 254790029270 | E248: 45816.368 | F248: 3148.16 | G248: 0.71 | H248: 3147.45 | I248: 198.88 | J248: 0.61 | K248: 198.27 | L248: 838.03 | M248: 111458 | N248: 81.95 | O248: 10899.35 | P248: casino-user | Q248: [50,1000) | R248: Group A | S248: 0 | T248: 0 | U248: 0
A249: 2026-06-05 | B249: ke | C249: 13147420 | D249: 254790760108 | E249: 45453.767 | F249: 8107.32 | G249: 0 | H249: 8107.32 | I249: -6110.07 | J249: 0 | K249: 536.41 | L249: 864.66 | M249: 115000 | N249: 150.38 | O249: 20000 | P249: casino-user | Q249: [50,1000) | R249: Group A | S249: 0 | T249: 0 | U249: 0
A250: 2026-06-05 | B250: ke | C250: 15993772 | D250: 254792141332 | E250: 45729.641 | F250: 307.29 | G250: 1.3 | H250: 305.99 | I250: 34.15 | J250: 0.48 | K250: 33.67 | L250: 112.89 | M250: 15014 | N250: 107.24 | O250: 14263.3 | P250: aviator-user | Q250: [50,1000) | R250: Group A | S250: 0 | T250: 0 | U250: 0
...

Sheet B
A1: date | B1: country | C1: userid | D1: username | E1: register_time | F1: Total Stake | G1: Total Stake on Sports | H1: Total Stake on Games | I1: Total GGR | J1: Total Sports GGR | K1: Total Gaming GGR | L1: Total Deposit (usd) | M1: Total Deposit (local) | N1: The latest 90days Deposit (usd) | O1: The latest 90days Deposit (local) | P1: User Preference | Q1: deposit_category | R1: label | S1: No-Deposit Sports Coupon(odd>2.5) | T1: casinobonus | U1: VIP-type | V1: sex | W1: first_name | X1: last_name | Y1: birthday | Z1: temp_birthday | AA1: email
A2: 2026-06-02 | B2: ke | C2: 19009964 | D2: 254112794842 | E2: 45948.696 | F2: 523.05 | G2: 6.38 | H2: 516.67 | I2: 33.5 | J2: -5.66 | K2: 39.16 | L2: 67.86 | M2: 9026 | N2: 20.89 | O2: 2778.37 | P2: aviator-user | Q2: [50,1000) | R2: B组 | S2: 0 | T2: 140 | U2: 0
A3: 2026-06-02 | B3: ke | C3: 18640454 | D3: 254112879367 | E3: 45924.72 | F3: 2008.94 | G3: 0 | H3: 2008.94 | I3: 69.79 | J3: 0 | K3: 69.79 | L3: 273.68 | M3: 36400 | N3: 4.29 | O3: 570.57 | P3: casino-user | Q3: [50,1000) | R3: B组 | S3: 0 | T3: 30 | U3: 0
A4: 2026-06-02 | B4: ke | C4: 20109073 | D4: 254116873056 | E4: 46005.621 | F4: 299.32 | G4: 0 | H4: 299.32 | I4: 36.91 | J4: 0 | K4: 36.91 | L4: 59.09 | M4: 7859 | N4: 18.93 | O4: 2517.69 | P4: aviator-user | Q4: [50,1000) | R4: B组 | S4: 0 | T4: 130 | U4: 0
A5: 2026-06-02 | B5: ke | C5: 15153514 | D5: 254117218951 | E5: 45649.784 | F5: 1516.06 | G5: 0 | H5: 1516.06 | I5: 106.41 | J5: 0 | K5: 106.41 | L5: 744.7 | M5: 99045 | N5: 82.15 | O5: 10925.95 | P5: aviator-user | Q5: [50,1000) | R5: B组 | S5: 0 | T5: 550 | U5: 0
A6: 2026-06-02 | B6: ke | C6: 22438443 | D6: 254119811061 | E6: 46127.51 | F6: 209.92 | G6: 1.2 | H6: 208.71 | I6: 20.99 | J6: 1.2 | K6: 19.78 | L6: 52.74 | M6: 7015 | N6: 50.11 | O6: 6664.63 | P6: aviator-user | Q6: [50,1000) | R6: B组 | S6: 0 | T6: 330 | U6: 0
A7: 2026-06-02 | B7: ke | C7: 21690193 | D7: 254140232432 | E7: 46085.247 | F7: 258.35 | G7: 0 | H7: 258.35 | I7: 20.65 | J7: 0 | K7: 20.65 | L7: 85.2 | M7: 11332 | N7: 80.94 | O7: 10765.02 | P7: aviator-user | Q7: [50,1000) | R7: B组 | S7: 0 | T7: 540 | U7: 0
A8: 2026-06-02 | B8: ke | C8: 22354975 | D8: 254140928434 | E8: 46122.367 | F8: 1172.23 | G8: 0.67 | H8: 1171.56 | I8: 2.72 | J8: -0.14 | K8: 2.86 | L8: 104.45 | M8: 13892 | N8: 198.46 | O8: 26395.18 | P8: aviator-user | Q8: [50,1000) | R8: B组 | S8: 0 | T8: 1320 | U8: 0
A9: 2026-06-02 | B9: ke | C9: 22592073 | D9: 254700099870 | E9: 46136.803 | F9: 180.78 | G9: 0 | H9: 180.78 | I9: -25.91 | J9: 0 | K9: -25.91 | L9: 80.68 | M9: 10730 | N9: 76.64 | O9: 10193.12 | P9: aviator-user | Q9: [50,1000) | R9: B组 | S9: 0 | T9: 510 | U9: 0
A10: 2026-06-02 | B10: ke | C10: 17674564 | D10: 254701925448 | E10: 45869.615 | F10: 726.49 | G10: 2.89 | H10: 723.61 | I10: 17.88 | J10: 0.3 | K10: 17.58 | L10: 140.53 | M10: 18691 | N10: 19.16 | O10: 2548.28 | P10: aviator-user | Q10: [50,1000) | R10: B组 | S10: 0 | T10: 130 | U10: 0
A11: 2026-06-02 | B11: ke | C11: 201673 | D11: 254702551241 | E11: 43918.399 | F11: 770.22 | G11: 0 | H11: 770.22 | I11: 42.95 | J11: 0 | K11: 42.95 | L11: 83.14 | M11: 11057 | N11: 14.29 | O11: 1900.57 | P11: casino-user | Q11: [50,1000) | R11: B组 | S11: 0 | T11: 100 | U11: 0
A12: 2026-06-02 | B12: ke | C12: 15895264 | D12: 254705881860 | E12: 45710.338 | F12: 1686.21 | G12: 0 | H12: 1686.21 | I12: 101.49 | J12: 0 | K12: 101.49 | L12: 176 | M12: 23408 | N12: 62.4 | O12: 8299.2 | P12: aviator-user | Q12: [50,1000) | R12: B组 | S12: 0 | T12: 410 | U12: 0
A13: 2026-06-02 | B13: ke | C13: 4084425 | D13: 254706721015 | E13: 44293.336 | F13: 466.54 | G13: 0 | H13: 466.54 | I13: 54.71 | J13: 0 | K13: 54.71 | L13: 57.59 | M13: 7660 | N13: 54.71 | O13: 7276.43 | P13: aviator-user | Q13: [50,1000) | R13: B组 | S13: 0 | T13: 360 | U13: 0
... A27: 2026-06-02 | B27: ke | C27: 16944543 | D27: 254720986570 | E27: 45817.89 | F27: 96.96 | G27: 63.26 | H27: 33.7 | I27: 54.14 | J27: 48.05 | K27: 6.09 | L27: 61.4 | M27: 8166 | N27: 5.94 | O27: 790.02 | P27: bet&casino-user | Q27: [50,1000) | R27: B组 | S27: 2000 | T27: 20 | U27: 0
A28: 2026-06-02 | B28: ke | C28: 13348445 | D28: 254721973796 | E28: 45493.786 | F28: 34555.36 | G28: 0 | H28: 34555.36 | I28: 1377.58 | J28: 0 | K28: 1377.58 | L28: 5317.68 | M28: 707252 | N28: 695.49 | O28: 92500.17 | P28: aviator-user | Q28: [1000,10w) | R28: B组 | S28: 0 | T28: 4630 | U28: 1 | V28: 1
A29: 2026-06-02 | B29: ke | C29: 1905083 | D29: 254722570452 | E29: 44030.459 | F29: 190.04 | G29: 10.6 | H29: 179.44 | I29: 11.55 | J29: 8.35 | K29: 3.21 | L29: 75.04 | M29: 9980 | N29: 30.29 | O29: 4028.57 | P29: aviator-user | Q29: [50,1000) | R29: B组 | S29: 0 | T29: 200 | U29: 0
A30: 2026-06-02 | B30: ke | C30: 12050133 | D30: 254722811615 | E30: 45307.737 | F30: 2094.23 | G30: 0.08 | H30: 2094.15 | I30: 100.75 | J30: 0.08 | K30: 100.66 | L30: 321.06 | M30: 42701 | N30: 220.39 | O30: 29311.87 | P30: aviator-user | Q30: [50,1000) | R30: B组 | S30: 0 | T30: 1470 | U30: 0
A31: 2026-06-02 | B31: ke | C31: 6267145 | D31: 254723768567 | E31: 44552.291 | F31: 357.71 | G31: 0.09 | H31: 357.62 | I31: 58.76 | J31: 0.09 | K31: 59.42 | L31: 67.56 | M31: 8986 | N31: 31.86 | O31: 4237.38 | P31: casino-user | Q31: [50,1000) | R31: B组 | S31: 0 | T31: 210 | U31: 0
A32: 2026-06-02 | B32: ke | C32: 12289694 | D32: 254723978682 | E32: 45333.737 | F32: 189.88 | G32: 0 | H32: 189.88 | I32: 2.61 | J32: 0 | K32: 2.61 | L32: 76.66 | M32: 10196 | N32: 0 | O32: 0 | P32: aviator-user | Q32: [50,1000) | R32: B组 | S32: 0 | T32: 0 | U32: 0
A33: 2026-06-02 | B33: ke | C33: 19462453 | D33: 254724121209 | E33: 45975.642 | F33: 281.17 | G33: 3.02 | H33: 278.15 | I33: 4.36 | J33: 2.55 | K33: 1.82 | L33: 60.32 | M33: 8023 | N33: 35.45 | O33: 4714.85 | P33: casino-user | Q33: [50,1000) | R33: B组 | S33: 0 | T33: 240 | U33: 0
A34: 2026-06-02 | B34: ke | C34: 16840454 | D34: 254724864149 | E34: 45808.581 | F34: 1955.49 | G34: 0 | H34: 1955.49 | I34: 92.9 | J34: 0 | K34: 92.9 | L34: 167.51 | M34: 22279 | N34: 147.07 | O34: 19560.31 | P34: aviator-user | Q34: [50,1000) | R34: B组 | S34: 0 | T34: 980 | U34: 0
A35: 2026-06-02 | B35: ke | C35: 21178694 | D35: 254728784586 | E35: 46059.563 | F35: 342.26 | G35: 0 | H35: 342.26 | I35: 62.5 | J35: 0 | K35: 62.5 | L35: 65.83 | M35: 8755 | N35: 110.79 | O35: 14735.07 | P35: casino-user | Q35: [50,1000) | R35: B组 | S35: 0 | T35: 740 | U35: 0
A36: 2026-06-02 | B36: ke | C36: 11507753 | D36: 254729703345 | E36: 45258.252 | F36: 3603.28 | G36: 2.58 | H36: 3600.7 | I36: 5.16 | J36: 2.58 | K36: 2.58 | L36: 317.89 | M36: 42280 | N36: 117 | O36: 15561 | P36: aviator-user | Q36: [50,1000) | R36: B组 | S36: 0 | T36: 780 | U36: 0
A37: 2026-06-02 | B37: ke | C37: 3519405 | D37: 254729879984 | E37: 44239.82 | F37: 5177.25 | G37: 0.23 | H37: 5177.02 | I37: 390.5 | J37: -7.39 | K37: 397.88 | L37: 398.12 | M37: 52950 | N37: 0 | O37: 0 | P37: casino-user | Q37: [50,1000) | R37: B组 | S37: 0 | T37: 0 | U37: 0
A38: 2026-06-02 | B38: ke | C38: 2056974 | D38: 254740655805 | E38: 44044.788 | F38: 6097.41 | G38: 0.14 | H38: 6097.27 | I38: 149.81 | J38: 0.14 | K38: 149.67 | L38: 501.65 | M38: 66719 | N38: 1.04 | O38: 138.32 | P38: casino-user | Q38: [50,1000) | R38: B组 | S38: 0 | T38: 10 | U38: 0
A39: 2026-06-02 | B39: ke | C39: 18248033 | D39: 254740725859 | E39: 45899.976 | F39: 852 | G39: 0 | H39: 852 | I39: 81.61 | J39: 0 | K39: 81.61 | L39: 178.23 | M39: 23705 | N39: 169.32 | O39: 22519.56 | P39: aviator-user | Q39: [50,1000) | R39: B组 | S39: 0 | T39: 1130 | U39: 0
A40: 2026-06-02 | B40: ke | C40: 22147505 | D40: 254741082494 | E40: 46110.558 | F40: 218.5 | G40: 0 | H40: 218.5 | I40: -5.94 | J40: 0 | K40: -5.94 | L40: 50.44 | M40: 6708 | N40: 47.91 | O40: 6372.03 | P40: aviator-user | Q40: [50,1000) | R40: B组 | S40: 0 | T40: 320 | U40: 0
... A54: 2026-06-02 | B54: ke | C54: 2395945 | D54: 254798956567 | E54: 44077.367 | F54: 9835.69 | G54: 0 | H54: 9835.69 | I54: -77.61 | J54: 0 | K54: -76.86 | L54: 1203.88 | M54: 160116 | N54: 1122.78 | O54: 149329.74 | P54: aviator-user | Q54: [1000,10w) | R54: B组 | S54: 0 | T54: 7470 | U54: 0
A55: 2026-06-03 | B55: ke | C55: 13103844 | D55: 254112104238 | E55: 45445.171 | F55: 207.31 | G55: 0 | H55: 207.31 | I55: -13.2 | J55: 0 | K55: -13.2 | L55: 71.8 | M55: 9550 | N55: 68.21 | O55: 9071.93 | P55: aviator-user | Q55: [50,1000) | R55: Group B | S55: 0 | T55: 450 | U55: 0
A56: 2026-06-03 | B56: ke | C56: 17904064 | D56: 254115128990 | E56: 45883.499 | F56: 27461.67 | G56: 0.03 | H56: 27461.63 | I56: 1210.67 | J56: 0.01 | K56: 1210.66 | L56: 3040.13 | M56: 404337 | N56: 1092.9 | O56: 145355.7 | P56: aviator-user | Q56: [1000,10w) | R56: Group B | S56: 0 | T56: 7270 | U56: 0
A57: 2026-06-03 | B57: ke | C57: 18904233 | D57: 254115604060 | E57: 45941.621 | F57: 726.11 | G57: 44.53 | H57: 681.58 | I57: -24.86 | J57: -12.01 | K57: -12.85 | L57: 83.43 | M57: 11096 | N57: 3.79 | O57: 504.07 | P57: aviator-user | Q57: [50,1000) | R57: Group B | S57: 0 | T57: 30 | U57: 0
A58: 2026-06-03 | B58: ke | C58: 18695264 | D58: 254116754229 | E58: 45927.757 | F58: 256.14 | G58: 56.91 | H58: 199.23 | I58: 68.28 | J58: 18.8 | K58: 49.47 | L58: 71.87 | M58: 9559 | N58: 0 | O58: 0 | P58: bet&casino-user | Q58: [50,1000) | R58: Group B | S58: 2000 | T58: 0 | U58: 0
A59: 2026-06-03 | B59: ke | C59: 4414404 | D59: 254700102883 | E59: 44314.602 | F59: 344.26 | G59: 0 | H59: 344.26 | I59: 39.23 | J59: 0 | K59: 39.23 | L59: 69.32 | M59: 9220 | N59: 33.11 | O59: 4403.63 | P59: aviator-user | Q59: [50,1000) | R59: Group B | S59: 0 | T59: 220 | U59: 0
A60: 2026-06-03 | B60: ke | C60: 20560484 | D60: 254701121160 | E60: 46027.695 | F60: 2017.58 | G60: 0 | H60: 2017.58 | I60: 55.75 | J60: 0 | K60: 55.75 | L60: 248.23 | M60: 33014 | N60: 115.16 | O60: 15316.28 | P60: casino-user | Q60: [50,1000) | R60: Group B | S60: 0 | T60: 770 | U60: 0
A61: 2026-06-03 | B61: ke | C61: 3763333 | D61: 254701740788 | E61: 44257.146 | F61: 496.35 | G61: 0 | H61: 496.35 | I61: 108.94 | J61: 0 | K61: 108.94 | L61: 158.98 | M61: 21145 | N61: 114.93 | O61: 15285.69 | P61: casino-user | Q61: [50,1000) | R61: Group B | S61: 0 | T61: 760 | U61: 0
A62: 2026-06-03 | B62: ke | C62: 16780144 | D62: 254702516739 | E62: 45802.239 | F62: 948.98 | G62: 50.25 | H62: 898.73 | I62: 22.57 | J62: 42.8 | K62: -20.23 | L62: 149.97 | M62: 19946 | N62: 10.88 | O62: 1447.04 | P62: aviator-user | Q62: [50,1000) | R62: Group B | S62: 0 | T62: 70 | U62: 0
A63: 2026-06-03 | B63: ke | C63: 16962065 | D63: 254702807077 | E63: 45819.586 | F63: 379.84 | G63: 2.98 | H63: 376.86 | I63: -23.51 | J63: 2.62 | K63: -26.14 | L63: 50.4 | M63: 6703 | N63: 1.64 | O63: 218.12 | P63: casino-user | Q63: [50,1000) | R63: Group B | S63: 0 | T63: 10 | U63: 0
A64: 2026-06-03 | B64: ke | C64: 22239065 | D64: 254703334314 | E64: 46116.159 | F64: 2768.14 | G64: 0 | H64: 2768.14 | I64: 74.62 | J64: 0 | K64: 74.62 | L64: 279.17 | M64: 37130 | N64: 265.21 | O64: 35272.93 | P64: casino-user | Q64: [50,1000) | R64: Group B | S64: 0 | T64: 1760 | U64: 0
A65: 2026-06-03 | B65: ke | C65: 21643304 | D65: 254703671166 | E65: 46082.731 | F65: 292.67 | G65: 0 | H65: 292.67 | I65: 21.92 | J65: 0 | K65: 21.92 | L65: 52.08 | M65: 6926 | N65: 36.84 | O65: 4899.72 | P65: aviator-user | Q65: [50,1000) | R65: Group B | S65: 0 | T65: 240 | U65: 0
A66: 2026-06-03 | B66: ke | C66: 17423033 | D66: 254704374937 | E66: 45854.456 | F66: 1084.6 | G66: 0 | H66: 1084.6 | I66: 1.36 | J66: 0 | K66: 1.36 | L66: 70.61 | M66: 9391 | N66: 4.82 | O66: 641.06 | P66: aviator-user | Q66: [50,1000) | R66: Group B | S66: 0 | T66: 30 | U66: 0
... A107: 2026-06-03 | B107: ke | C107: 22296784 | D107: 254799880457 | E107: 46119.677 | F107: 504.2 | G107: 0.41 | H107: 503.79 | I107: 26.84 | J107: -0.39 | K107: 27.22 | L107: 69.35 | M107: 9224 | N107: 65.89 | O107: 8763.37 | P107: aviator-user | Q107: [50,1000) | R107: Group B | S107: 0 | T107: 440 | U107: 0
A109: 2026-06-04 | B109: ke | C109: 20308074 | D109: 254108886751 | E109: 46016.259 | F109: 423.07 | G109: 0 | H109: 423.07 | I109: 11.84 | J109: 0 | K109: 11.84 | L109: 98.84 | M109: 13146 | N109: 59.99 | O109: 7979.05 | P109: aviator-user | Q109: [50,1000) | R109: Group B | S109: 0 | T109: 400 | U109: 0
A110: 2026-06-04 | B110: ke | C110: 12856034 | D110: 254111233467 | E110: 45411.744 | F110: 764.69 | G110: 0.32 | H110: 764.37 | I110: 38.92 | J110: 0.3 | K110: 38.62 | L110: 85.89 | M110: 11423 | N110: 74.39 | O110: 9894.25 | P110: aviator-user | Q110: [50,1000) | R110: Group B | S110: 0 | T110: 490 | U110: 0
A111: 2026-06-04 | B111: ke | C111: 11420544 | D111: 254111452221 | E111: 45251.236 | F111: 4279.34 | G111: 0 | H111: 4279.34 | I111: 71.47 | J111: 0 | K111: 71.47 | L111: 647.18 | M111: 86075 | N111: 184.27 | O111: 24508.5 | P111: aviator-user | Q111: [50,1000) | R111: Group B | S111: 0 | T111: 1230 | U111: 0
A112: 2026-06-04 | B112: ke | C112: 2225093 | D112: 254111566755 | E112: 44060.377 | F112: 168.96 | G112: 62.96 | H112: 106 | I112: 46.8 | J112: 40.94 | K112: 5.86 | L112: 77.66 | M112: 10329 | N112: 0 | O112: 0 | P112: bet&casino-user | Q112: [50,1000) | R112: Group B | S112: 2000 | T112: 0 | U112: 0
A113: 2026-06-04 | B113: ke | C113: 14626564 | D113: 254111707474 | E113: 45609.131 | F113: 782.83 | G113: 0 | H113: 782.83 | I113: -18.83 | J113: 0 | K113: -18.83 | L113: 123.83 | M113: 16470 | N113: 13.76 | O113: 1829.7 | P113: aviator-user | Q113: [50,1000) | R113: Group B | S113: 0 | T113: 90 | U113: 0
A114: 2026-06-04 | B114: ke | C114: 17730983 | D114: 254115278141 | E114: 45871.925 | F114: 167.35 | G114: 9.3 | H114: 158.05 | I114: 14.65 | J114: 8.12 | K114: 7.29 | L114: 65.44 | M114: 8704 | N114: 8.02 | O114: 1066.85 | P114: casino-user | Q114: [50,1000) | R114: Group B | S114: 0 | T114: 50 | U114: 0
A115: 2026-06-04 | B115: ke | C115: 18147013 | D115: 254116808776 | E115: 45895.255 | F115: 425.6 | G115: 0.11 | H115: 425.48 | I115: 8.96 | J115: 0.1 | K115: 8.86 | L115: 92.57 | M115: 12312 | N115: 0 | O115: 0 | P115: casino-user | Q115: [50,1000) | R115: Group B | S115: 0 | T115: 0 | U115: 0
A116: 2026-06-04 | B116: ke | C116: 21101304 | D116: 254119014147 | E116: 46055.299 | F116: 352.81 | G116: 0.17 | H116: 352.64 | I116: -24.36 | J116: 0.17 | K116: -24.53 | L116: 56.95 | M116: 7575 | N116: 43.46 | O116: 5780.75 | P116: casino-user | Q116: [50,1000) | R116: Group B | S116: 0 | T116: 290 | U116: 0
A117: 2026-06-04 | B117: ke | C117: 22940195 | D117: 254140284423 | E117: 46162.248 | F117: 1 | G117: 0 | H117: 1 | I117: 0.43 | J117: 0 | K117: 0.43 | L117: 378.35 | M117: 50320 | N117: 359.43 | O117: 47804 | P117: aviator-user | Q117: [50,1000) | R117: Group B | S117: 0 | T117: 2390 | U117: 0
A118: 2026-06-04 | B118: ke | C118: 12539455 | D118: 254700241493 | E118: 45373.745 | F118: 5996.45 | G118: 0.11 | H118: 5996.34 | I118: 142.08 | J118: 0.11 | K118: 141.97 | L118: 1499.29 | M118: 199406 | N118: 385.94 | O118: 51330.4 | P118: aviator-user | Q118: [1000,10w) | R118: Group B | S118: 0 | T118: 2570 | U118: 0
A119: 2026-06-04 | B119: ke | C119: 21847675 | D119: 254701218949 | E119: 46093.374 | F119: 318.8 | G119: 0 | H119: 318.8 | I119: 4.57 | J119: 0 | K119: 4.57 | L119: 54.51 | M119: 7250 | N119: 51.79 | O119: 6887.5 | P119: aviator-user | Q119: [50,1000) | R119: Group B | S119: 0 | T119: 340 | U119: 0
A120: 2026-06-04 | B120: ke | C120: 2091273 | D120: 254701345408 | E120: 44048.456 | F120: 248.17 | G120: 0.72 | H120: 247.45 | I120: -13.44 | J120: 0.72 | K120: -14.16 | L120: 56.35 | M120: 7495 | N120: 53.54 | O120: 7120.25 | P120: aviator-user | Q120: [50,1000) | R120: Group B | S120: 0 | T120: 360 | U120: 0
... A149: 2026-06-04 | B149: ke | C149: 991053 | D149: 254723641154 | E149: 43989.623 | F149: 8651.25 | G149: 0.01 | H149: 8651.24 | I149: -41.4 | J149: 0.01 | K149: -41.4 | L149: 1877.96 | M149: 249769 | N149: 0 | O149: 0 | P149: aviator-user | Q149: [1000,10w) | R149: Group B | S149: 0 | T149: 0 | U149: 0
A150: 2026-06-04 | B150: ke | C150: 7059094 | D150: 254724298204 | E150: 44631.707 | F150: 17677.19 | G150: 0 | H150: 17677.19 | I150: 789.54 | J150: 0 | K150: 939.92 | L150: 4966.77 | M150: 660580 | N150: 426.14 | O150: 56676 | P150: casino-user | Q150: [1000,10w) | R150: Group B | S150: 0 | T150: 2830 | U150: 1 | V150: 1
A151: 2026-06-04 | B151: ke | C151: 19470905 | D151: 254725035113 | E151: 45975.728 | F151: 354.04 | G151: 0 | H151: 354.04 | I151: 41.12 | J151: 0 | K151: 41.12 | L151: 87.52 | M151: 11640 | N151: 25.79 | O151: 3429.5 | P151: aviator-user | Q151: [50,1000) | R151: Group B | S151: 0 | T151: 170 | U151: 0
A152: 2026-06-04 | B152: ke | C152: 2478944 | D152: 254725120565 | E152: 44086.3 | F152: 599.16 | G152: 0.02 | H152: 599.14 | I152: 10 | J152: 0.02 | K152: 9.98 | L152: 171.92 | M152: 22865 | N152: 163.32 | O152: 21721.75 | P152: casino-user | Q152: [50,1000) | R152: Group B | S152: 0 | T152: 1090 | U152: 0
A153: 2026-06-04 | B153: ke | C153: 16334 | D153: 254726390802 | E153: 43794.708 | F153: 326.32 | G153: 1.6 | H153: 324.71 | I153: 42.79 | J153: 1.6 | K153: 41.19 | L153: 86.77 | M153: 11541 | N153: 17.64 | O153: 2346.5 | P153: casino-user | Q153: [50,1000) | R153: Group B | S153: 0 | T153: 120 | U153: 0
A154: 2026-06-04 | B154: ke | C154: 13100135 | D154: 254727838856 | E154: 45444.583 | F154: 301.16 | G154: 0 | H154: 301.16 | I154: 35.91 | J154: 0 | K154: 35.91 | L154: 69.99 | M154: 9309 | N154: 34.79 | O154: 4627.45 | P154: aviator-user | Q154: [50,1000) | R154: Group B | S154: 0 | T154: 230 | U154: 0
A155: 2026-06-04 | B155: ke | C155: 18669835 | D155: 254729461750 | E155: 45925.795 | F155: 1770.32 | G155: 0 | H155: 1770.32 | I155: 147.19 | J155: -0.48 | K155: 147.67 | L155: 220.83 | M155: 29370 | N155: 8.57 | O155: 1140 | P155: casino-user | Q155: [50,1000) | R155: Group B | S155: 0 | T155: 60 | U155: 0
A156: 2026-06-04 | B156: ke | C156: 13831774 | D156: 254729815169 | E156: 45560.692 | F156: 361.23 | G156: 0.31 | H156: 360.92 | I156: 1.15 | J156: 0.31 | K156: 0.84 | L156: 66.67 | M156: 8867 | N156: 11.78 | O156: 1566.55 | P156: aviator-user | Q156: [50,1000) | R156: Group B | S156: 0 | T156: 80 | U156: 0
A157: 2026-06-04 | B157: ke | C157: 32473 | D157: 254729957654 | E157: 43824.432 | F157: 6326.39 | G157: 8.05 | H157: 6318.34 | I157: 168.85 | J157: -19.66 | K157: 188.52 | L157: 831.07 | M157: 110532 | N157: 50.66 | O157: 6738.35 | P157: aviator-user | Q157: [50,1000) | R157: Group B | S157: 0 | T157: 340 | U157: 0
A158: 2026-06-04 | B158: ke | C158: 22781793 | D158: 254732276245 | E158: 46150.252 | F158: 423.87 | G158: 0 | H158: 423.49 | I158: 98.85 | J158: 0 | K158: 98.85 | L158: 104.06 | M158: 13840 | N158: 98.86 | O158: 13148 | P158: casino-user | Q158: [50,1000) | R158: Group B | S158: 0 | T158: 660 | U158: 0
A159: 2026-06-04 | B159: ke | C159: 16248533 | D159: 254740567554 | E159: 45761.717 | F159: 692.7 | G159: 0 | H159: 692.7 | I159: 9.54 | J159: 0 | K159: 9.54 | L159: 67.23 | M159: 8941 | N159: 16.21 | O159: 2156.5 | P159: aviator-user | Q159: [50,1000) | R159: Group B | S159: 0 | T159: 110 | U159: 0
A160: 2026-06-04 | B160: ke | C160: 21042625 | D160: 254740635077 | E160: 46052.339 | F160: 20230.79 | G160: 0 | H160: 20230.79 | I160: 769.77 | J160: 0 | K160: 769.77 | L160: 5472.93 | M160: 727900 | N160: 2657.78 | O160: 353485 | P160: casino-user | Q160: [1000,10w) | R160: Group B | S160: 0 | T160: 17670 | U160: 1 | V160: 1
A161: 2026-06-04 | B161: ke | C161: 16904515 | D161: 254757358490 | E161: 45813.825 | F161: 718.88 | G161: 0.92 | H161: 717.95 | I161: 39.64 | J161: -10.44 | K161: 50.83 | L161: 106.51 | M161: 14166 | N161: 56.36 | O161: 7495.5 | P161: casino-user | Q161: [50,1000) | R161: Group B | S161: 0 | T161: 370 | U161: 0
A162: 2026-06-04 | B162: ke | C162: 20654114 | D162: 254757528222 | E162: 46031.666 | F162: 252.77 | G162: 0 | H162: 252.77 | I162: 21.86 | J162: 0 | K162: 21.86 | L162: 117.29 | M162: 15600 | N162: 10 | O162: 1330 | P162: casino-user | Q162: [50,1000) | R162: Group B | S162: 0 | T162: 70 | U162: 0
A163: 2026-06-04 | B163: ke | C163: 16663823 | D163: 254758521413 | E163: 45789.634 | F163: 358.92 | G163: 10.02 | H163: 348.9 | I163: 13.99 | J163: -12.01 | K163: 26 | L163: 90.23 | M163: 12000 | N163: 4.29 | O163: 570 | P163: casino-user | Q163: [50,1000) | R163: Group B | S163: 0 | T163: 30 | U163: 0
A164: 2026-06-04 | B164: ke | C164: 16879784 | D164: 254758989585 | E164: 45811.863 | F164: 705.94 | G164: 0.31 | H164: 705.64 | I164: -69.84 | J164: 0.27 | K164: -70.11 | L164: 140.39 | M164: 18672 | N164: 0.67 | O164: 89.3 | P164: aviator-user | Q164: [50,1000) | R164: Group B | S164: 0 | T164: 0 | U164: 0
A165: 2026-06-04 | B165: ke | C165: 20971424 | D165: 254759407038 | E165: 46047.891 | F165: 801.43 | G165: 0 | H165: 801.43 | I165: 3.29 | J165: 0 | K165: 3.29 | L165: 127.74 | M165: 16990 | N165: 51.21 | O165: 6811.5 | P165: casino-user | Q165: [50,1000) | R165: Group B | S165: 0 | T165: 340 | U165: 0
A166: 2026-06-04 | B166: ke | C166: 12602044 | D166: 254759936702 | E166: 45381.85 | F166: 374.8 | G166: 0 | H166: 374.8 | I166: -28.57 | J166: 0 | K166: -28.57 | L166: 83.15 | M166: 11059 | N166: 66.43 | O166: 8835 | P166: casino-user | Q166: [50,1000) | R166: Group B | S166: 0 | T166: 440 | U166: 0
A167: 2026-06-04 | B167: ke | C167: 12371525 | D167: 254790182110 | E167: 45348.557 | F167: 846.87 | G167: 0.14 | H167: 846.74 | I167: 52.18 | J167: 0.14 | K167: 52.05 | L167: 87.62 | M167: 11653 | N167: 25.81 | O167: 3433.3 | P167: aviator-user | Q167: [50,1000) | R167: Group B | S167: 0 | T167: 170 | U167: 0
A168: 2026-06-04 | B168: ke | C168: 5046973 | D168: 254794350224 | E168: 44388.84 | F168: 5902.26 | G168: 0.03 | H168: 5902.23 | I168: 160.83 | J168: 0.03 | K168: 161.55 | L168: 1032.89 | M168: 137375 | N168: 146.04 | O168: 19422.75 | P168: casino-user | Q168: [1000,10w) | R168: Group B | S168: 0 | T168: 970 | U168: 0
A169: 2026-06-04 | B169: ke | C169: 16000094 | D169: 254794975427 | E169: 45730.834 | F169: 815.5 | G169: 0.01 | H169: 815.49 | I169: 20.33 | J169: 0.01 | K169: 20.32 | L169: 134.6 | M169: 17902 | N169: 59.24 | O169: 7879.3 | P169: aviator-user | Q169: [50,1000) | R169: Group B | S169: 0 | T169: 390 | U169: 0
A170: 2026-06-04 | B170: ke | C170: 22019304 | D170: 254797232180 | E170: 46102.912 | F170: 2378.74 | G170: 0 | H170: 2378.74 | I170: 130.56 | J170: 0 | K170: 130.56 | L170: 396.32 | M170: 52710 | N170: 376.5 | O170: 50074.5 | P170: casino-user | Q170: [50,1000) | R170: Group B | S170: 0 | T170: 2500 | U170: 0
A171: 2026-06-04 | B171: ke | C171: 9637803 | D171: 254797800174 | E171: 45008.651 | F171: 9391.39 | G171: 1.05 | H171: 9389.96 | I171: -181.21 | J171: 0.76 | K171: -181.97 | L171: 667.3 | M171: 88751 | N171: 121.76 | O171: 16193.7 | P171: casino-user | Q171: [50,1000) | R171: Group B | S171: 0 | T171: 810 | U171: 0
A172: 2026-06-04 | B172: ke | C172: 15063854 | D172: 254798312577 | E172: 45641.121 | F172: 715.55 | G172: 3.3 | H172: 712.25 | I172: 13.72 | J172: 3.3 | K172: 10.41 | L172: 95.9 | M172: 12755 | N172: 24.16 | O172: 3213.85 | P172: aviator-user | Q172: [50,1000) | R172: Group B | S172: 0 | T172: 160 | U172: 0
... A275: 2026-06-08 | B275: ke | C275: 19185133 | D275: 254726825996 | E275: 45960.473 | F275: 749.75 | G275: 2.59 | H275: 747.16 | I275: 44.15 | J275: 2.59 | K275: 41.56 | L275: 98.93 | M275: 13158 | N275: 1.71 | O275: 228 | P275: aviator-user | Q275: [50,1000) | R275: Group B | S275: 0 | T275: 10 | U275: 0
A276: 2026-06-08 | B276: ke | C276: 10381853 | D276: 254726918151 | E276: 45143.741 | F276: 13655.91 | G276: 0.02 | H276: 13655.89 | I276: 472.57 | J276: 0.02 | K276: 472.56 | L276: 1704.77 | M276: 226735 | N276: 812.33 | O276: 108040 | P276: casino-user | Q276: [1000,10w) | R276: Group B | S276: 0 | T276: 5400 | U276: 1 | V276: 1
A277: 2026-06-08 | B277: ke | C277: 22433234 | D277: 254728075938 | E277: 46127.109 | F277: 168.38 | G277: 0 | H277: 168.38 | I277: -51.68 | J277: 0 | K277: -51.68 | L277: 68.38 | M277: 9095 | N277: 64.96 | O277: 8640.25 | P277: casino-user | Q277: [50,1000) | R277: Group B | S277: 0 | T277: 430 | U277: 0
A278: 2026-06-08 | B278: ke | C278: 20261915 | D278: 254728667529 | E278: 46013.66 | F278: 694.74 | G278: 0 | H278: 694.74 | I278: -7.67 | J278: 0 | K278: -7.67 | L278: 150.98 | M278: 20080 | N278: 140.57 | O278: 18696 | P278: casino-user | Q278: [50,1000) | R278: Group B | S278: 0 | T278: 930 | U278: 0
A279: 2026-06-08 | B279: ke | C279: 13424643 | D279: 254740288632 | E279: 45512.195 | F279: 815.32 | G279: 0.14 | H279: 815.18 | I279: 24.54 | J279: 0.14 | K279: 24.4 | L279: 94.76 | M279: 12603 | N279: 0.32 | O279: 42.75 | P279: aviator-user | Q279: [50,1000) | R279: Group B | S279: 0 | T279: 0 | U279: 0
A280: 2026-06-08 | B280: ke | C280: 10713104 | D280: 254740427015 | E280: 45187.296 | F280: 193.21 | G280: 0.72 | H280: 192.49 | I280: 25.23 | J280: -0.18 | K280: 25.41 | L280: 56.65 | M280: 7535 | N280: 2.86 | O280: 380 | P280: casino-user | Q280: [50,1000) | R280: Group B | S280: 0 | T280: 20 | U280: 0
A281: 2026-06-08 | B281: ke | C281: 13033744 | D281: 254741203640 | E281: 45433.746 | F281: 1428.68 | G281: 0.02 | H281: 1428.66 | I281: 64.75 | J281: 0.02 | K281: 64.74 | L281: 125.29 | M281: 16664 | N281: 108.09 | O281: 14376.35 | P281: aviator-user | Q281: [50,1000) | R281: Group B | S281: 0 | T281: 720 | U281: 0
A282: 2026-06-08 | B282: ke | C282: 16833854 | D282: 254741350140 | E282: 45807.896 | F282: 510 | G282: 0 | H282: 510 | I282: 23.49 | J282: 0 | K282: 23.49 | L282: 91.01 | M282: 12104 | N282: 2.26 | O282: 300.2 | P282: aviator-user | Q282: [50,1000) | R282: Group B | S282: 0 | T282: 20 | U282: 0
A283: 2026-06-08 | B283: ke | C283: 4670015 | D283: 254743396826 | E283: 44353.283 | F283: 772.25 | G283: 0 | H283: 772.25 | I283: 23.39 | J283: 0 | K283: 24.14 | L283: 309.11 | M283: 41112 | N283: 6.43 | O283: 855 | P283: aviator-user | Q283: [50,1000) | R283: Group B | S283: 0 | T283: 40 | U283: 0
A284: 2026-06-08 | B284: ke | C284: 22405093 | D284: 254743539449 | E284: 46125.361 | F284: 240.36 | G284: 0 | H284: 240.36 | I284: 4.37 | J284: 0 | K284: 4.37 | L284: 70.03 | M284: 9314 | N284: 66.53 | O284: 8848.3 | P284: aviator-user | Q284: [50,1000) | R284: Group B | S284: 0 | T284: 440 | U284: 0
A285: 2026-06-08 | B285: ke | C285: 17027334 | D285: 254745016604 | E285: 45824.733 | F285: 218.65 | G285: 94.69 | H285: 123.96 | I285: 26.2 | J285: 16.1 | K285: 10.1 | L285: 109.47 | M285: 14560 | N285: 19.01 | O285: 2528.9 | P285: bet&casino-user | Q285: [50,1000) | R285: Group B | S285: 2000 | T285: 60 | U285: 0
A286: 2026-06-08 | B286: ke | C286: 7973603 | D286: 254745645842 | E286: 44700.322 | F286: 374.79 | G286: 0.17 | H286: 374.63 | I286: -59.49 | J286: 0.17 | K286: -59.19 | L286: 106.9 | M286: 14218 | N286: 51.43 | O286: 6840 | P286: casino-user | Q286: [50,1000) | R286: Group B | S286: 0 | T286: 340 | U286: 0
A287: 2026-06-08 | B287: ke | C287: 20033025 | D287: 254746367116 | E287: 46002.406 | F287: 3623.6 | G287: 0 | H287: 3623.6 | I287: 80.27 | J287: 0 | K287: 80.27 | L287: 542.11 | M287: 72100 | N287: 350 | O287: 46550 | P287: aviator-user | Q287: [50,1000) | R287: Group B | S287: 0 | T287: 2330 | U287: 0
A288: 2026-06-08 | B288: ke | C288: 18570074 | D288: 254746423003 | E288: 45920.578 | F288: 277.04 | G288: 0 | H288: 277.04 | I288: -82.84 | J288: 0 | K288: -82.84 | L288: 88.23 | M288: 11735 | N288: 2.14 | O288: 285 | P288: casino-user | Q288: [50,1000) | R288: Group B | S288: 0 | T288: 10 | U288: 0
... A312: 2026-06-08 | B312: ke | C312: 19846494 | D312: 254798540573 | E312: 45993.502 | F312: 890.05 | G312: 0 | H312: 890.05 | I312: 55.3 | J312: 0 | K312: 55.3 | L312: 154.65 | M312: 20569 | N312: 27.66 | O312: 3679.35 | P312: aviator-user | Q312: [50,1000) | R312: Group B | S312: 0 | T312: 180 | U312: 0

Sheet C
A1: date | B1: country | C1: userid | D1: username | E1: register_time | F1: Total Stake | G1: Total Stake on Sports | H1: Total Stake on Games | I1: Total GGR | J1: Total Sports GGR | K1: Total Gaming GGR | L1: Total Deposit (usd) | M1: Total Deposit (local) | N1: The latest 90days Deposit (usd) | O1: The latest 90days Deposit (local) | P1: User Preference | Q1: deposit_category | R1: label | S1: No-Deposit Sports Coupon(odd>2.5) | T1: casinobonus | U1: VIP-type | V1: sex | W1: first_name | X1: last_name | Y1: birthday | Z1: temp_birthday | AA1: email
A2: 2026-06-02 | B2: ke | C2: 12428778 | D2: 254113050746 | E2: 45357.687 | F2: 1760.57 | G2: 3.45 | H2: 1757.12 | I2: 107.09 | J2: 3.44 | K2: 103.65 | L2: 264.86 | M2: 35227 | N2: 127.18 | O2: 16914.94 | P2: aviator-user | Q2: [50,1000) | R2: C组 | S2: 0 | T2: 1760 | U2: 0
A3: 2026-06-02 | B3: ke | C3: 14748248 | D3: 254114737055 | E3: 45615.873 | F3: 765.99 | G3: 36.08 | H3: 729.91 | I3: 27.59 | J3: 4.1 | K3: 23.49 | L3: 136.32 | M3: 18130 | N3: 10.61 | O3: 1411.13 | P3: casino-user | Q3: [50,1000) | R3: C组 | S3: 0 | T3: 910 | U3: 0
A4: 2026-06-02 | B4: ke | C4: 13159217 | D4: 254115141583 | E4: 45456.385 | F4: 181.5 | G4: 0.26 | H4: 181.24 | I4: 37.72 | J4: 0.26 | K4: 37.46 | L4: 96.32 | M4: 12811 | N4: 2.37 | O4: 315.21 | P4: aviator-user | Q4: [50,1000) | R4: C组 | S4: 0 | T4: 640 | U4: 0
A5: 2026-06-02 | B5: ke | C5: 22047716 | D5: 254140302868 | E5: 46104.646 | F5: 324.22 | G5: 17.84 | H5: 306.38 | I5: -19.05 | J5: 5.4 | K5: -24.44 | L5: 63.23 | M5: 8410 | N5: 60.07 | O5: 7989.31 | P5: casino-user | Q5: [50,1000) | R5: C组 | S5: 0 | T5: 420 | U5: 0
A6: 2026-06-02 | B6: ke | C6: 22918699 | D6: 254140326664 | E6: 46160.203 | F6: 2.11 | G6: 0 | H6: 2.11 | I6: 2.11 | J6: 0 | K6: 2.11 | L6: 223.83 | M6: 29770 | N6: 212.64 | O6: 28281.12 | P6: aviator-user | Q6: [50,1000) | R6: C组 | S6: 0 | T6: 1490 | U6: 0
A7: 2026-06-02 | B7: ke | C7: 13977406 | D7: 254700013083 | E7: 45567.586 | F7: 2341.03 | G7: 0 | H7: 2341.03 | I7: -0.37 | J7: 0 | K7: -0.37 | L7: 439.8 | M7: 58494 | N7: 113.16 | O7: 15050.28 | P7: aviator-user | Q7: [50,1000) | R7: C组 | S7: 0 | T7: 2920 | U7: 0
A8: 2026-06-02 | B8: ke | C8: 20276979 | D8: 254700114311 | E8: 46014.507 | F8: 429.86 | G8: 0.08 | H8: 429.78 | I8: 71.76 | J8: 0.08 | K8: 71.68 | L8: 87.2 | M8: 11598 | N8: 16.11 | O8: 2142.63 | P8: aviator-user | Q8: [50,1000) | R8: C组 | S8: 0 | T8: 580 | U8: 0
A9: 2026-06-02 | B9: ke | C9: 3173117 | D9: 254701247018 | E9: 44146.382 | F9: 588.26 | G9: 0.97 | H9: 587.29 | I9: 25.4 | J9: 0.97 | K9: 24.43 | L9: 115.35 | M9: 15341 | N9: 0 | O9: 0 | P9: aviator-user | Q9: [50,1000) | R9: C组 | S9: 0 | T9: 770 | U9: 0
A10: 2026-06-02 | B10: ke | C10: 14519156 | D10: 254701620426 | E10: 45603.754 | F10: 571.5 | G10: 19.26 | H10: 552.24 | I10: -17.12 | J10: 16.76 | K10: -33.88 | L10: 168.49 | M10: 22409 | N10: 0 | O10: 0 | P10: casino-user | Q10: [50,1000) | R10: C组 | S10: 0 | T10: 1120 | U10: 0
A11: 2026-06-02 | B11: ke | C11: 16937348 | D11: 254702723630 | E11: 45817.279 | F11: 603.01 | G11: 0 | H11: 603.01 | I11: 21.37 | J11: 0 | K11: 21.37 | L11: 97.29 | M11: 12940 | N11: 0 | O11: 0 | P11: casino-user | Q11: [50,1000) | R11: C组 | S11: 0 | T11: 650 | U11: 0
A12: 2026-06-02 | B12: ke | C12: 13783887 | D12: 254704359713 | E12: 45555.596 | F12: 1224.1 | G12: 226.03 | H12: 998.07 | I12: 170.61 | J12: 150.96 | K12: 19.65 | L12: 274.59 | M12: 36521 | N12: 28.23 | O12: 3754.59 | P12: bet&casino-user | Q12: [50,1000) | R12: C组 | S12: 2000 | T12: 915 | U12: 0
A13: 2026-06-02 | B13: ke | C13: 10427179 | D13: 254704668179 | E13: 45150.346 | F13: 373.07 | G13: 0.26 | H13: 372.81 | I13: 22.61 | J13: 0.21 | K13: 22.4 | L13: 51.17 | M13: 6806 | N13: 27.16 | O13: 3612.28 | P13: casino-user | Q13: [50,1000) | R13: C组 | S13: 0 | T13: 340 | U13: 0
... A66: 2026-06-02 | B66: ke | C66: 11333228 | D66: 254729277934 | E66: 45245.554 | F66: 3469.83 | G66: 6.66 | H66: 3462.79 | I66: 237.49 | J66: -9.31 | K66: 246.8 | L66: 901.62 | M66: 119915 | N66: 474.38 | O66: 63092.54 | P66: aviator-user | Q66: [50,1000) | R66: C组 | S66: 0 | T66: 6000 | U66: 0
A67: 2026-06-02 | B67: ke | C67: 4704828 | D67: 254729889133 | E67: 44359.91 | F67: 438661.11 | G67: 232.41 | H67: 438428.7 | I67: 18151.78 | J67: 57.28 | K67: 18094.5 | L67: 63804.09 | M67: 8485944 | N67: 11477.45 | O67: 1526500.9 | P67: casino-user | Q67: [1000,10w) | R67: C组 | S67: 0 | T67: 30000 | U67: 1 | V67: 1
A68: 2026-06-02 | B68: ke | C68: 12760006 | D68: 254740307312 | E68: 45401.432 | F68: 1858.16 | G68: 0 | H68: 1858.16 | I68: 227.47 | J68: 0 | K68: 227.47 | L68: 819.32 | M68: 108970 | N68: 334.44 | O68: 44480.52 | P68: aviator-user | Q68: [50,1000) | R68: C组 | S68: 0 | T68: 5450 | U68: 0
A69: 2026-06-02 | B69: ke | C69: 2021806 | D69: 254740727423 | E69: 44043.439 | F69: 5102.93 | G69: 0.76 | H69: 5102.17 | I69: 536.4 | J69: 0.76 | K69: 535.64 | L69: 1310.04 | M69: 174235 | N69: 1359 | O69: 180747 | P69: casino-user | Q69: [1000,10w) | R69: C组 | S69: 0 | T69: 8710 | U69: 0
A70: 2026-06-02 | B70: ke | C70: 18622676 | D70: 254743496752 | E70: 45923.625 | F70: 223.23 | G70: 6.36 | H70: 216.87 | I70: 9.81 | J70: 3.72 | K70: 6.1 | L70: 93.01 | M70: 12370 | N70: 14.46 | O70: 1923.18 | P70: aviator-user | Q70: [50,1000) | R70: C组 | S70: 0 | T70: 620 | U70: 0
A71: 2026-06-02 | B71: ke | C71: 16156727 | D71: 254745459474 | E71: 45755.784 | F71: 1078.49 | G71: 13.62 | H71: 1064.86 | I71: 143.82 | J71: 10.33 | K71: 133.49 | L71: 291.84 | M71: 38815 | N71: 101.21 | O71: 13460.93 | P71: aviator-user | Q71: [50,1000) | R71: C组 | S71: 0 | T71: 1940 | U71: 0
A72: 2026-06-02 | B72: ke | C72: 14917849 | D72: 254745965971 | E72: 45628.647 | F72: 939.49 | G72: 0.14 | H72: 939.35 | I72: 47.79 | J72: 0.13 | K72: 47.66 | L72: 133.47 | M72: 17751 | N72: 20.12 | O72: 2675.96 | P72: aviator-user | Q72: [50,1000) | R72: C组 | S72: 0 | T72: 890 | U72: 0
A73: 2026-06-02 | B73: ke | C73: 13205388 | D73: 254748105090 | E73: 45465.487 | F73: 701.44 | G73: 0 | H73: 701.44 | I73: 18.92 | J73: 0 | K73: 18.92 | L73: 319.1 | M73: 42440 | N73: 59.29 | O73: 7885.57 | P73: aviator-user | Q73: [50,1000) | R73: C组 | S73: 0 | T73: 2120 | U73: 0
A74: 2026-06-02 | B74: ke | C74: 9013878 | D74: 254748400412 | E74: 44876.259 | F74: 539.63 | G74: 0.38 | H74: 539.25 | I74: 2.01 | J74: 0.38 | K74: 1.62 | L74: 53.22 | M74: 7078 | N74: 2.14 | O74: 284.62 | P74: aviator-user | Q74: [50,1000) | R74: C组 | S74: 0 | T74: 350 | U74: 0
A75: 2026-06-02 | B75: ke | C75: 17349408 | D75: 254748638509 | E75: 45848.472 | F75: 2260.17 | G75: 1.32 | H75: 2258.85 | I75: 79.89 | J75: 0.04 | K75: 79.85 | L75: 388.47 | M75: 51667 | N75: 57.44 | O75: 7639.52 | P75: aviator-user | Q75: [50,1000) | R75: C组 | S75: 0 | T75: 2580 | U75: 0
A76: 2026-06-02 | B76: ke | C76: 19113799 | D76: 254752862759 | E76: 45955.228 | F76: 461.52 | G76: 2.68 | H76: 458.85 | I76: -4.57 | J76: 2.68 | K76: -7.25 | L76: 124.89 | M76: 16611 | N76: 61.23 | O76: 8143.59 | P76: aviator-user | Q76: [50,1000) | R76: C组 | S76: 0 | T76: 830 | U76: 0
A77: 2026-06-02 | B77: ke | C77: 9307057 | D77: 254753067729 | E77: 44926.844 | F77: 15348.81 | G77: 0.02 | H77: 15348.8 | I77: 721.33 | J77: 0.02 | K77: 721.32 | L77: 3049.24 | M77: 405549 | N77: 583.07 | O77: 77548.31 | P77: casino-user | Q77: [1000,10w) | R77: C组 | S77: 0 | T77: 20280 | U77: 0
A78: 2026-06-02 | B78: ke | C78: 13716069 | D78: 254757853772 | E78: 45549.847 | F78: 296.53 | G78: 0 | H78: 296.53 | I78: 15.32 | J78: 0 | K78: 15.32 | L78: 123.23 | M78: 16390 | N78: 20.71 | O78: 2754.43 | P78: aviator-user | Q78: [50,1000) | R78: C组 | S78: 0 | T78: 820 | U78: 0
A79: 2026-06-02 | B79: ke | C79: 16267439 | D79: 254758619701 | E79: 45762.896 | F79: 486.03 | G79: 0.02 | H79: 486.02 | I79: 24.38 | J79: 0.02 | K79: 24.36 | L79: 53.35 | M79: 7095 | N79: 13.41 | O79: 1783.53 | P79: casino-user | Q79: [50,1000) | R79: C组 | S79: 0 | T79: 350 | U79: 0
... A97: 2026-06-02 | B97: ke | C97: 21299267 | D97: 254798946247 | E97: 46065.874 | F97: 349.32 | G97: 0 | H97: 349.32 | I97: -175.75 | J97: 0 | K97: -175.75 | L97: 152.98 | M97: 20347 | N97: 107.28 | O97: 14268.24 | P97: aviator-user | Q97: [50,1000) | R97: C组 | S97: 0 | T97: 1020 | U97: 0
A98: 2026-06-03 | B98: ke | C98: 14114747 | D98: 254110233502 | E98: 45577.857 | F98: 1131.35 | G98: 0.43 | H98: 1130.92 | I98: 91.99 | J98: 0.43 | K98: 91.56 | L98: 266.69 | M98: 35470 | N98: 89.3 | O98: 11876.9 | P98: casino-user | Q98: [50,1000) | R98: Group C | S98: 0 | T98: 1770 | U98: 0
A99: 2026-06-03 | B99: ke | C99: 20922247 | D99: 254110361556 | E99: 46044.961 | F99: 3011.85 | G99: 0 | H99: 3011.85 | I99: 211.38 | J99: 0 | K99: 211.38 | L99: 478.41 | M99: 63628 | N99: 417.69 | O99: 55552.77 | P99: casino-user | Q99: [50,1000) | R99: Group C | S99: 0 | T99: 3180 | U99: 0
A100: 2026-06-03 | B100: ke | C100: 5331377 | D100: 254111398591 | E100: 44451.276 | F100: 3346.43 | G100: 0.8 | H100: 3345.63 | I100: -69.71 | J100: 0.8 | K100: -70.52 | L100: 782.24 | M100: 104038 | N100: 13.21 | O100: 1756.93 | P100: casino-user | Q100: [50,1000) | R100: Group C | S100: 0 | T100: 5200 | U100: 0
A101: 2026-06-03 | B101: ke | C101: 16383687 | D101: 254112866475 | E101: 45771.381 | F101: 3019.74 | G101: 0 | H101: 3019.74 | I101: -4.36 | J101: 0 | K101: -4.36 | L101: 309.92 | M101: 41220 | N101: 0 | O101: 0 | P101: casino-user | Q101: [50,1000) | R101: Group C | S101: 0 | T101: 2060 | U101: 0
A102: 2026-06-03 | B102: ke | C102: 21072016 | D102: 254113241000 | E102: 46053.904 | F102: 1367.73 | G102: 0 | H102: 1367.73 | I102: 42.04 | J102: 0 | K102: 42.04 | L102: 138.35 | M102: 18401 | N102: 68.52 | O102: 9113.16 | P102: aviator-user | Q102: [50,1000) | R102: Group C | S102: 0 | T102: 920 | U102: 0
A103: 2026-06-03 | B103: ke | C103: 22093859 | D103: 254113335557 | E103: 46107.396 | F103: 14200.11 | G103: 0 | H103: 14200.11 | I103: 666.22 | J103: 0 | K103: 666.22 | L103: 1059.59 | M103: 140925 | N103: 1006.61 | O103: 133879.13 | P103: aviator-user | Q103: [1000,10w) | R103: Group C | S103: 0 | T103: 7050 | U103: 0
A104: 2026-06-03 | B104: ke | C104: 19733687 | D104: 254113615115 | E104: 45988.459 | F104: 5134.6 | G104: 0.42 | H104: 5134.18 | I104: -43.99 | J104: -0.24 | K104: -43.75 | L104: 508.97 | M104: 67693 | N104: 6.11 | O104: 812.63 | P104: casino-user | Q104: [50,1000) | R104: Group C | S104: 0 | T104: 3380 | U104: 0
A105: 2026-06-03 | B105: ke | C105: 21200368 | D105: 254116021075 | E105: 46060.743 | F105: 1494.79 | G105: 0 | H105: 1494.79 | I105: 103.84 | J105: 0 | K105: 103.84 | L105: 589.61 | M105: 78418 | N105: 241.11 | O105: 32067.63 | P105: aviator-user | Q105: [50,1000) | R105: Group C | S105: 0 | T105: 3920 | U105: 0
A106: 2026-06-03 | B106: ke | C106: 16251086 | D106: 254116249274 | E106: 45761.842 | F106: 627.96 | G106: 0 | H106: 627.96 | I106: 123.67 | J106: 0 | K106: 123.67 | L106: 326 | M106: 43358 | N106: 57.48 | O106: 7644.84 | P106: aviator-user | Q106: [50,1000) | R106: Group C | S106: 0 | T106: 2170 | U106: 0
A107: 2026-06-03 | B107: ke | C107: 18131309 | D107: 254117010052 | E107: 45894.31 | F107: 817.12 | G107: 0 | H107: 817.12 | I107: 6.43 | J107: 0 | K107: 6.43 | L107: 64.41 | M107: 8567 | N107: 0 | O107: 0 | P107: aviator-user | Q107: [50,1000) | R107: Group C | S107: 0 | T107: 430 | U107: 0
A108: 2026-06-03 | B108: ke | C108: 20259796 | D108: 254117507840 | E108: 46013.562 | F108: 381.69 | G108: 0.5 | H108: 381.19 | I108: -64.44 | J108: 0.2 | K108: -64.64 | L108: 145.99 | M108: 19417 | N108: 8.44 | O108: 1122.52 | P108: aviator-user | Q108: [50,1000) | R108: Group C | S108: 0 | T108: 970 | U108: 0
A109: 2026-06-03 | B109: ke | C109: 22517226 | D109: 254117789395 | E109: 46132.432 | F109: 497.07 | G109: 0.34 | H109: 496.73 | I109: 103.29 | J109: 0.34 | K109: 102.95 | L109: 122.47 | M109: 16288 | N109: 116.34 | O109: 15473.22 | P109: aviator-user | Q109: [50,1000) | R109: Group C | S109: 0 | T109: 810 | U109: 0
... A111: 2026-06-03 | B111: ke | C111: 13938449 | D111: 254700403580 | E111: 45563.919 | F111: 123.08 | G111: 0 | H111: 123.08 | I111: 40.31 | J111: 0 | K111: 40.31 | L111: 100.9 | M111: 13420 | N111: 1.43 | O111: 190.19 | P111: aviator-user | Q111: [50,1000) | R111: Group C | S111: 0 | T111: 670 | U111: 0
A112: 2026-06-03 | B112: ke | C112: 13221199 | D112: 254704372262 | E112: 45468.761 | F112: 125200.85 | G112: 0.12 | H112: 125200.73 | I112: 4055.68 | J112: 0.12 | K112: 4055.56 | L112: 17376.74 | M112: 2311106 | N112: 11297.58 | O112: 1502578.1 | P112: aviator-user | Q112: [1000,10w) | R112: Group C | S112: 0 | T112: 30000 | U112: 1 | V112: 1
A113: 2026-06-03 | B113: ke | C113: 21968529 | D113: 254704851286 | E113: 46100.237 | F113: 168.65 | G113: 0.76 | H113: 167.89 | I113: 21.7 | J113: 0.76 | K113: 20.95 | L113: 116.58 | M113: 15505 | N113: 110.75 | O113: 14729.75 | P113: casino-user | Q113: [50,1000) | R113: Group C | S113: 0 | T113: 780 | U113: 0
A114: 2026-06-03 | B114: ke | C114: 13087458 | D114: 254705042619 | E114: 45442.629 | F114: 403.18 | G114: 0.01 | H114: 403.17 | I114: 23.37 | J114: 0.01 | K114: 23.37 | L114: 55.05 | M114: 7322 | N114: 0.21 | O114: 27.93 | P114: aviator-user | Q114: [50,1000) | R114: Group C | S114: 0 | T114: 370 | U114: 0
A115: 2026-06-03 | B115: ke | C115: 13199676 | D115: 254705478480 | E115: 45464.525 | F115: 685.93 | G115: 0.12 | H115: 685.81 | I115: -99.37 | J115: 0.12 | K115: -99.49 | L115: 217.82 | M115: 28970 | N115: 2.57 | O115: 341.81 | P115: casino-user | Q115: [50,1000) | R115: Group C | S115: 0 | T115: 1450 | U115: 0
A116: 2026-06-03 | B116: ke | C116: 12651879 | D116: 254710155478 | E116: 45388.481 | F116: 8450.18 | G116: 0 | H116: 8450.18 | I116: 262.13 | J116: 0 | K116: 262.13 | L116: 1219.43 | M116: 162184 | N116: 1011.12 | O116: 134478.96 | P116: aviator-user | Q116: [1000,10w) | R116: Group C | S116: 0 | T116: 8110 | U116: 0
A117: 2026-06-03 | B117: ke | C117: 1678886 | D117: 254710260457 | E117: 44009.448 | F117: 1162.32 | G117: 0.38 | H117: 1161.94 | I117: 107.36 | J117: 0.38 | K117: 106.97 | L117: 318.42 | M117: 42350 | N117: 63.57 | O117: 8454.81 | P117: aviator-user | Q117: [50,1000) | R117: Group C | S117: 0 | T117: 2120 | U117: 0
A118: 2026-06-03 | B118: ke | C118: 20688479 | D118: 254710976519 | E118: 46033.352 | F118: 313.21 | G118: 9.18 | H118: 304.03 | I118: 20.86 | J118: 6.92 | K118: 13.94 | L118: 84.92 | M118: 11295 | N118: 75.48 | O118: 10038.84 | P118: aviator-user | Q118: [50,1000) | R118: Group C | S118: 0 | T118: 560 | U118: 0
A119: 2026-06-03 | B119: ke | C119: 2958669 | D119: 254713311489 | E119: 44128.127 | F119: 17978.46 | G119: 0 | H119: 17978.46 | I119: 375.01 | J119: 0 | K119: 375.01 | L119: 1937.11 | M119: 257635 | N119: 944.25 | O119: 125585.25 | P119: aviator-user | Q119: [1000,10w) | R119: Group C | S119: 0 | T119: 12880 | U119: 0
A120: 2026-06-03 | B120: ke | C120: 21957326 | D120: 254713314701 | E120: 46099.524 | F120: 906.79 | G120: 0 | H120: 906.79 | I120: 27.05 | J120: 0 | K120: 27.05 | L120: 104.4 | M120: 13885 | N120: 99.18 | O120: 13190.94 | P120: casino-user | Q120: [50,1000) | R120: Group C | S120: 0 | T120: 690 | U120: 0
A121: 2026-06-03 | B121: ke | C121: 21157018 | D121: 254713543222 | E121: 46058.484 | F121: 2317.39 | G121: 0 | H121: 2317.39 | I121: 101.84 | J121: 0 | K121: 101.84 | L121: 334.7 | M121: 44515 | N121: 229.75 | O121: 30556.75 | P121: casino-user | Q121: [50,1000) | R121: Group C | S121: 0 | T121: 2230 | U121: 0
A122: 2026-06-03 | B122: ke | C122: 1758957 | D122: 254713941825 | E122: 44016.728 | F122: 879.16 | G122: 7.28 | H122: 871.88 | I122: 76.36 | J122: 7.23 | K122: 69.89 | L122: 175.83 | M122: 23385 | N122: 0 | O122: 0 | P122: aviator-user | Q122: [50,1000) | R122: Group C | S122: 0 | T122: 1170 | U122: 0
A123: 2026-06-03 | B123: ke | C123: 15246959 | D123: 254716051052 | E123: 45656.79 | F123: 10491.03 | G123: 0 | H123: 10491.03 | I123: 365.4 | J123: 0 | K123: 365.4 | L123: 2322.05 | M123: 308833 | N123: 127.19 | O123: 16916.27 | P123: aviator-user | Q123: [1000,10w) | R123: Group C | S123: 0 | T123: 15440 | U123: 0
A124: 2026-06-03 | B124: ke | C124: 22700989 | D124: 254716905083 | E124: 46144.561 | F124: 831.08 | G124: 0 | H124: 831.08 | I124: -5.87 | J124: 0 | K124: -5.87 | L124: 104.47 | M124: 13894 | N124: 99.24 | O124: 13198.92 | P124: aviator-user | Q124: [50,1000) | R124: Group C | S124: 0 | T124: 690 | U124: 0
... A163: 2026-06-03 | B163: ke | C163: 22250936 | D163: 254786459377 | E163: 46116.798 | F163: 1800.77 | G163: 0 | H163: 1800.77 | I163: 2.23 | J163: 0 | K163: 2.23 | L163: 161.49 | M163: 21478 | N163: 153.41 | O163: 20403.53 | P163: aviator-user | Q163: [50,1000) | R163: Group C | S163: 0 | T163: 1070 | U163: 0
A164: 2026-06-03 | B164: ke | C164: 12457218 | D164: 254790548034 | E164: 45362.24 | F164: 46486.12 | G164: 0 | H164: 46486.12 | I164: -9.73 | J164: 0 | K164: -9.73 | L164: 2817.17 | M164: 374684 | N164: 0 | O164: 0 | P164: casino-user | Q164: [1000,10w) | R164: Group C | S164: 0 | T164: 18730 | U164: 1 | V164: 1
A165: 2026-06-03 | B165: ke | C165: 10327637 | D165: 254790952494 | E165: 45136.48 | F165: 520.41 | G165: 0 | H165: 520.41 | I165: -29.91 | J165: 0 | K165: -29.91 | L165: 79.77 | M165: 10610 | N165: 4.74 | O165: 630.42 | P165: casino-user | Q165: [50,1000) | R165: Group C | S165: 0 | T165: 530 | U165: 0
A166: 2026-06-03 | B166: ke | C166: 18022448 | D166: 254791671923 | E166: 45889.652 | F166: 1954.68 | G166: 0 | H166: 1954.68 | I166: 69.02 | J166: 0 | K166: 69.02 | L166: 310.98 | M166: 41360 | N166: 118.93 | O166: 15817.69 | P166: aviator-user | Q166: [50,1000) | R166: Group C | S166: 0 | T166: 2070 | U166: 0
A167: 2026-06-03 | B167: ke | C167: 15196607 | D167: 254792274487 | E167: 45653.239 | F167: 12208.89 | G167: 0 | H167: 12208.89 | I167: 208.92 | J167: 0 | K167: 208.92 | L167: 1347.35 | M167: 179198 | N167: 777.99 | O167: 103472.67 | P167: aviator-user | Q167: [1000,10w) | R167: Group C | S167: 0 | T167: 8960 | U167: 0
A168: 2026-06-03 | B168: ke | C168: 670937 | D168: 254792542857 | E168: 43937.692 | F168: 790.53 | G168: 0.08 | H168: 790.44 | I168: 9.14 | J168: 0.08 | K168: 9.05 | L168: 69.83 | M168: 9288 | N168: 2.52 | O168: 335.16 | P168: aviator-user | Q168: [50,1000) | R168: Group C | S168: 0 | T168: 460 | U168: 0
A169: 2026-06-03 | B169: ke | C169: 18989997 | D169: 254792568727 | E169: 45947.28 | F169: 14281.17 | G169: 0 | H169: 14281.17 | I169: -1516.65 | J169: 0 | K169: -1516.65 | L169: 2163.43 | M169: 287736 | N169: 1771.44 | O169: 235601.52 | P169: aviator-user | Q169: [1000,10w) | R169: Group C | S169: 0 | T169: 14390 | U169: 0
A170: 2026-06-03 | B170: ke | C170: 12779996 | D170: 254792864827 | E170: 45403.782 | F170: 983.64 | G170: 2 | H170: 981.64 | I170: 59.46 | J170: 1.94 | K170: 57.53 | L170: 101.43 | M170: 13490 | N170: 0.64 | O170: 85.12 | P170: casino-user | Q170: [50,1000) | R170: Group C | S170: 0 | T170: 670 | U170: 0
A171: 2026-06-03 | B171: ke | C171: 20276246 | D171: 254792927350 | E171: 46014.479 | F171: 1080.61 | G171: 0 | H171: 1080.61 | I171: 29.6 | J171: 0 | K171: 29.6 | L171: 98.93 | M171: 13158 | N171: 0 | O171: 0 | P171: aviator-user | Q171: [50,1000) | R171: Group C | S171: 0 | T171: 660 | U171: 0
A172: 2026-06-03 | B172: ke | C172: 2960066 | D172: 254793810037 | E172: 44128.3 | F172: 379.23 | G172: 25.92 | H172: 353.31 | I172: 22.34 | J172: 25.92 | K172: -3.58 | L172: 74.32 | M172: 9885 | N172: 58.91 | O172: 7835.03 | P172: casino-user | Q172: [50,1000) | R172: Group C | S172: 0 | T172: 490 | U172: 0
A173: 2026-06-03 | B173: ke | C173: 14667218 | D173: 254793964079 | E173: 45610.622 | F173: 9448.32 | G173: 0.01 | H173: 9448.31 | I173: 700.92 | J173: 0.01 | K173: 700.91 | L173: 2677.71 | M173: 356136 | N173: 296 | O173: 39368 | P173: aviator-user | Q173: [1000,10w) | R173: Group C | S173: 0 | T173: 17810 | U173: 0
A174: 2026-06-03 | B174: ke | C174: 10241436 | D174: 254795932937 | E174: 45122.595 | F174: 184.53 | G174: 0.05 | H174: 184.47 | I174: -4.55 | J174: 0.05 | K174: -4.6 | L174: 69.16 | M174: 9198 | N174: 29.31 | O174: 3898.23 | P174: casino-user | Q174: [50,1000) | R174: Group C | S174: 0 | T174: 460 | U174: 0
A175: 2026-06-03 | B175: ke | C175: 13462169 | D175: 254796069425 | E175: 45520.693 | F175: 921.05 | G175: 3.11 | H175: 917.93 | I175: -11.76 | J175: 3.08 | K175: -14.09 | L175: 300.56 | M175: 39975 | N175: 0.5 | O175: 66.5 | P175: aviator-user | Q175: [50,1000) | R175: Group C | S175: 0 | T175: 2000 | U175: 0
A176: 2026-06-03 | B176: ke | C176: 21748128 | D176: 254796611523 | E176: 46088.254 | F176: 960.01 | G176: 1.95 | H176: 958.05 | I176: 74.54 | J176: 1.72 | K176: 72.83 | L176: 316.34 | M176: 42073 | N176: 300.52 | O176: 39969.16 | P176: aviator-user | Q176: [50,1000) | R176: Group C | S176: 0 | T176: 2100 | U176: 0
... A181: 2026-06-03 | B181: ke | C181: 12267077 | D181: 254799331544 | E181: 45328.824 | F181: 496.74 | G181: 0 | H181: 496.74 | I181: -42.53 | J181: 0 | K181: -42.53 | L181: 58.6 | M181: 7794 | N181: 25.32 | O181: 3367.56 | P181: casino-user | Q181: [50,1000) | R181: Group C | S181: 0 | T181: 390 | U181: 0
A182: 2026-06-04 | B182: ke | C182: 18179479 | D182: 254110954782 | E182: 45897.342 | F182: 195.4 | G182: 0 | H182: 195.4 | I182: 21.44 | J182: 0 | K182: 21.44 | L182: 63.26 | M182: 8414 | N182: 4.97 | O182: 661.2 | P182: aviator-user | Q182: [50,1000) | R182: Group C | S182: 0 | T182: 420 | U182: 0
A183: 2026-06-04 | B183: ke | C183: 13559487 | D183: 254111912405 | E183: 45535.881 | F183: 229.14 | G183: 0 | H183: 229.14 | I183: 4.94 | J183: 0 | K183: 4.94 | L183: 69.5 | M183: 9244 | N183: 22.84 | O183: 3037.15 | P183: aviator-user | Q183: [50,1000) | R183: Group C | S183: 0 | T183: 460 | U183: 0
A184: 2026-06-04 | B184: ke | C184: 13412347 | D184: 254113550481 | E184: 45508.667 | F184: 286.22 | G184: 0 | H184: 286.22 | I184: 31.89 | J184: 0 | K184: 31.89 | L184: 118.07 | M184: 15703 | N184: 18.86 | O184: 2508 | P184: casino-user | Q184: [50,1000) | R184: Group C | S184: 0 | T184: 790 | U184: 0
A185: 2026-06-04 | B185: ke | C185: 19322957 | D185: 254113883464 | E185: 45968.526 | F185: 331.78 | G185: 0 | H185: 331.78 | I185: 4.24 | J185: 0 | K185: 4.24 | L185: 68.2 | M185: 9070 | N185: 5.71 | O185: 760 | P185: casino-user | Q185: [50,1000) | R185: Group C | S185: 0 | T185: 450 | U185: 0
A186: 2026-06-04 | B186: ke | C186: 22180608 | D186: 254114092921 | E186: 46112.681 | F186: 376.3 | G186: 0 | H186: 376.3 | I186: 7.25 | J186: 0 | K186: 7.25 | L186: 61.62 | M186: 8195 | N186: 58.54 | O186: 7785.25 | P186: casino-user | Q186: [50,1000) | R186: Group C | S186: 0 | T186: 410 | U186: 0
A187: 2026-06-04 | B187: ke | C187: 12836199 | D187: 254115151700 | E187: 45409.55 | F187: 372.06 | G187: 0.2 | H187: 371.87 | I187: 33.89 | J187: -0.46 | K187: 34.35 | L187: 78.35 | M187: 10420 | N187: 25.79 | O187: 3429.5 | P187: casino-user | Q187: [50,1000) | R187: Group C | S187: 0 | T187: 520 | U187: 0
A188: 2026-06-04 | B188: ke | C188: 8455158 | D188: 254115792654 | E188: 44782.69 | F188: 1202.59 | G188: 0 | H188: 1202.59 | I188: 95.03 | J188: 0 | K188: 95.03 | L188: 242.02 | M188: 32188 | N188: 147.29 | O188: 19589 | P188: aviator-user | Q188: [50,1000) | R188: Group C | S188: 0 | T188: 1610 | U188: 0
A189: 2026-06-04 | B189: ke | C189: 20460788 | D189: 254115978345 | E189: 46023.377 | F189: 2830.79 | G189: 1.8 | H189: 2828.98 | I189: 128.21 | J189: 1.32 | K189: 126.9 | L189: 371.66 | M189: 49431 | N189: 270.79 | O189: 36015.45 | P189: aviator-user | Q189: [50,1000) | R189: Group C | S189: 0 | T189: 2470 | U189: 0
A190: 2026-06-04 | B190: ke | C190: 22053319 | D190: 254119623455 | E190: 46104.932 | F190: 4466.29 | G190: 0.35 | H190: 4465.94 | I190: 3.38 | J190: -0.23 | K190: 3.61 | L190: 412.84 | M190: 54908 | N190: 392.2 | O190: 52162.6 | P190: casino-user | Q190: [50,1000) | R190: Group C | S190: 0 | T190: 2750 | U190: 0
A191: 2026-06-04 | B191: ke | C191: 33816 | D191: 254700118787 | E191: 43826.461 | F191: 3010.64 | G191: 0.35 | H191: 3010.3 | I191: 85.03 | J191: 0.35 | K191: 84.68 | L191: 863.18 | M191: 114803 | N191: 7.97 | O191: 1060.2 | P191: casino-user | Q191: [50,1000) | R191: Group C | S191: 0 | T191: 5740 | U191: 0
A192: 2026-06-04 | B192: ke | C192: 22679109 | D192: 254703582991 | E192: 46142.89 | F192: 872.83 | G192: 0 | H192: 872.83 | I192: 24.99 | J192: 0 | K192: 24.99 | L192: 71.95 | M192: 9570 | N192: 68.36 | O192: 9091.5 | P192: aviator-user | Q192: [50,1000) | R192: Group C | S192: 0 | T192: 480 | U192: 0
A193: 2026-06-04 | B193: ke | C193: 4612969 | D193: 254704114547 | E193: 44339.344 | F193: 1911.21 | G193: 0.26 | H193: 1910.95 | I193: 212.21 | J193: 0.26 | K193: 211.94 | L193: 361.74 | M193: 48112 | N193: 268.46 | O193: 35705.75 | P193: casino-user | Q193: [50,1000) | R193: Group C | S193: 0 | T193: 2410 | U193: 0
... A203: 2026-06-04 | B203: ke | C203: 13433847 | D203: 254713641613 | E203: 45514.601 | F203: 13368.64 | G203: 0.08 | H203: 13368.56 | I203: -744.42 | J203: 0.08 | K203: -744.51 | L203: 1563.01 | M203: 207880 | N203: 171.43 | O203: 22800 | P203: aviator-user | Q203: [1000,10w) | R203: Group C | S203: 0 | T203: 10390 | U203: 0
A204: 2026-06-04 | B204: ke | C204: 16353767 | D204: 254714173303 | E204: 45769.531 | F204: 634.84 | G204: 0.01 | H204: 634.83 | I204: -47.35 | J204: 0.01 | K204: -47.36 | L204: 61.28 | M204: 8150 | N204: 11.59 | O204: 1541.85 | P204: casino-user | Q204: [50,1000) | R204: Group C | S204: 0 | T204: 410 | U204: 1 | V204: 1
A205: 2026-06-04 | B205: ke | C205: 2026166 | D205: 254714241197 | E205: 44043.526 | F205: 1003.23 | G205: 4.93 | H205: 998.29 | I205: 10.28 | J205: 4.93 | K205: 6.1 | L205: 231.29 | M205: 30761 | N205: 146.76 | O205: 19518.7 | P205: casino-user | Q205: [50,1000) | R205: Group C | S205: 0 | T205: 1540 | U205: 0
A206: 2026-06-04 | B206: ke | C206: 16613037 | D206: 254714398889 | E206: 45784.947 | F206: 4473.47 | G206: 0 | H206: 4473.47 | I206: -28.9 | J206: 0 | K206: -28.15 | L206: 297.63 | M206: 39585 | N206: 258.04 | O206: 34318.75 | P206: casino-user | Q206: [50,1000) | R206: Group C | S206: 0 | T206: 1980 | U206: 0
A207: 2026-06-04 | B207: ke | C207: 8544378 | D207: 254714852588 | E207: 44794.929 | F207: 166.89 | G207: 0.59 | H207: 166.31 | I207: -5.4 | J207: 0.59 | K207: -5.23 | L207: 64.35 | M207: 8559 | N207: 18.34 | O207: 2438.65 | P207: casino-user | Q207: [50,1000) | R207: Group C | S207: 0 | T207: 430 | U207: 0
A208: 2026-06-04 | B208: ke | C208: 12531906 | D208: 254714981951 | E208: 45372.747 | F208: 1109.27 | G208: 0 | H208: 1109.27 | I208: 46.29 | J208: 0 | K208: 46.29 | L208: 316.89 | M208: 42146 | N208: 36.29 | O208: 4826.95 | P208: casino-user | Q208: [50,1000) | R208: Group C | S208: 0 | T208: 2110 | U208: 0
A209: 2026-06-04 | B209: ke | C209: 18563688 | D209: 254715135415 | E209: 45920.288 | F209: 181.5 | G209: 0.02 | H209: 181.48 | I209: 10.71 | J209: -0.34 | K209: 11.05 | L209: 64.55 | M209: 8585 | N209: 18.32 | O209: 2436.75 | P209: aviator-user | Q209: [50,1000) | R209: Group C | S209: 0 | T209: 430 | U209: 0
A210: 2026-06-04 | B210: ke | C210: 13378458 | D210: 254715799919 | E210: 45499.508 | F210: 1563.47 | G210: 1.36 | H210: 1562.11 | I210: 81.5 | J210: 1.36 | K210: 80.14 | L210: 268.97 | M210: 35773 | N210: 68.44 | O210: 9102.9 | P210: aviator-user | Q210: [50,1000) | R210: Group C | S210: 0 | T210: 1790 | U210: 0
A211: 2026-06-04 | B211: ke | C211: 19730697 | D211: 254715856035 | E211: 45988.336 | F211: 385.1 | G211: 9.37 | H211: 375.73 | I211: 39.01 | J211: -0.05 | K211: 39.05 | L211: 77.29 | M211: 10279 | N211: 14.85 | O211: 1975.05 | P211: casino-user | Q211: [50,1000) | R211: Group C | S211: 0 | T211: 510 | U211: 0
A212: 2026-06-04 | B212: ke | C212: 10599639 | D212: 254716567074 | E212: 45175.64 | F212: 794.92 | G212: 0 | H212: 794.92 | I212: 13.48 | J212: 0 | K212: 13.48 | L212: 91.95 | M212: 12230 | N212: 0 | O212: 0 | P212: aviator-user | Q212: [50,1000) | R212: Group C | S212: 0 | T212: 610 | U212: 0
A213: 2026-06-04 | B213: ke | C213: 15470136 | D213: 254716643208 | E213: 45672.809 | F213: 146.62 | G213: 0 | H213: 146.62 | I213: -88.78 | J213: 0 | K213: -88.78 | L213: 67.56 | M213: 8985 | N213: 0 | O213: 0 | P213: aviator-user | Q213: [50,1000) | R213: Group C | S213: 0 | T213: 450 | U213: 0
A214: 2026-06-04 | B214: ke | C214: 13635548 | D214: 254716885985 | E214: 45543.821 | F214: 586.35 | G214: 0 | H214: 586.35 | I214: 29.57 | J214: 0 | K214: 29.57 | L214: 98.83 | M214: 13145 | N214: 0.81 | O214: 108.3 | P214: aviator-user | Q214: [50,1000) | R214: Group C | S214: 0 | T214: 660 | U214: 0
A215: 2026-06-04 | B215: ke | C215: 21826536 | D215: 254717684125 | E215: 46092.276 | F215: 283.18 | G215: 0 | H215: 283.18 | I215: 23.82 | J215: 0 | K215: 23.82 | L215: 68.96 | M215: 9172 | N215: 65.51 | O215: 8713.4 | P215: aviator-user | Q215: [50,1000) | R215: Group C | S215: 0 | T215: 460 | U215: 0
A216: 2026-06-04 | B216: ke | C216: 130027 | D216: 254720144371 | E216: 43897.871 | F216: 1088.98 | G216: 0 | H216: 1088.98 | I216: 57.89 | J216: 0 | K216: 57.89 | L216: 178.67 | M216: 23763 | N216: 33.74 | O216: 4486.85 | P216: casino-user | Q216: [50,1000) | R216: Group C | S216: 0 | T216: 1190 | U216: 0
... A229: 2026-06-04 | B229: ke | C229: 19605367 | D229: 254727949458 | E229: 45981.714 | F229: 1643.32 | G229: 0.03 | H229: 1643.29 | I229: 105.76 | J229: 0 | K229: 105.75 | L229: 113.23 | M229: 15060 | N229: 93.04 | O229: 12373.75 | P229: aviator-user | Q229: [50,1000) | R229: Group C | S229: 0 | T229: 750 | U229: 0
A230: 2026-06-04 | B230: ke | C230: 9053786 | D230: 254727994394 | E230: 44882.819 | F230: 39881.46 | G230: 1.57 | H230: 39879.89 | I230: -219.43 | J230: 1.57 | K230: -221 | L230: 6722.03 | M230: 894030 | N230: 359.02 | O230: 47750 | P230: casino-user | Q230: [1000,10w) | R230: Group C | S230: 0 | T230: 30000 | U230: 1 | V230: 1
A231: 2026-06-04 | B231: ke | C231: 3147398 | D231: 254728066488 | E231: 44143.234 | F231: 1428.18 | G231: 0 | H231: 1428.18 | I231: 43.86 | J231: 0 | K231: 43.86 | L231: 272.26 | M231: 36210 | N231: 7.43 | O231: 988 | P231: casino-user | Q231: [50,1000) | R231: Group C | S231: 0 | T231: 1810 | U231: 0
A232: 2026-06-04 | B232: ke | C232: 12128499 | D232: 254728137546 | E232: 45314.581 | F232: 500.98 | G232: 0 | H232: 500.98 | I232: 141.54 | J232: 0 | K232: 141.54 | L232: 154.29 | M232: 20520 | N232: 18.57 | O232: 2470 | P232: casino-user | Q232: [50,1000) | R232: Group C | S232: 0 | T232: 1030 | U232: 0
A233: 2026-06-04 | B233: ke | C233: 22304688 | D233: 254728781109 | E233: 46120.256 | F233: 908 | G233: 0.04 | H233: 907.96 | I233: 43.68 | J233: -1.91 | K233: 45.59 | L233: 155.22 | M233: 20644 | N233: 147.46 | O233: 19611.8 | P233: aviator-user | Q233: [50,1000) | R233: Group C | S233: 0 | T233: 1030 | U233: 0
...

Sheet combinate
A1: username | B1: label
A2: 254115464651 | B2: Group A
A3: 254116255629 | B3: Group A
A4: 254116611542 | B4: Group A
A5: 254140047631 | B5: Group A
A6: 254140414468 | B6: Group A
A7: 254141464090 | B7: Group A
A8: 254700785323 | B8: Group A
A9: 254703325859 | B9: Group A
A10: 254703581163 | B10: Group A
A11: 254707025433 | B11: Group A
A12: 254707829195 | B12: Group A
A13: 254710659278 | B13: Group A
... A889: 254799286851 | B889: Group C

Sheet Sheet1
A2: 计数项:用户手机号 | B2: 是否回归
A3: label | C3: 是 | D3: 总计 | E3: 回归率
A4: Group A | C4: 140 | D4: 324 | E4: =C4/D4 -> 0.43209877
A5: Group B | C5: 66 | D5: 106 | E5: =C5/D5 -> 0.62264151
A6: Group C | C6: 267 | D6: 458 | E6: =C6/D6 -> 0.58296943
A7: 总计 | C7: 473 | D7: 888 | E7: =C7/D7 -> 0.53265766
A9: 计数项:用户手机号 | B9: 是否有效回归
A10: label | B10: 否 | C10: 是 | D10: 总计 | E10: 漏斗有效 | F10: 有效回归率
A11: Group A | B11: 248 | C11: 76 | D11: 324 | E11: =GETPIVOTDATA("用户手机号",$A$9,"label","Group A","是否有效回归","是")/C4 -> 0.54285714 | F11: =GETPIVOTDATA("用户手机号",$A$9,"label","Group A","是否有效回归","是")/GETPIVOTDATA("用户手机号",$A$9,"label","Group A") -> 0.2345679
A12: Group B | B12: 58 | C12: 48 | D12: 106 | E12: =GETPIVOTDATA("用户手机号",$A$9,"label","Group B","是否有效回归","是")/C5 -> 0.72727273 | F12: =GETPIVOTDATA("用户手机号",$A$9,"label","Group B","是否有效回归","是")/GETPIVOTDATA("用户手机号",$A$9,"label","Group B") -> 0.45283019
A13: Group C | B13: 265 | C13: 193 | D13: 458 | E13: =GETPIVOTDATA("用户手机号",$A$9,"label","Group C","是否有效回归","是")/C6 -> 0.72284644 | F13: =GETPIVOTDATA("用户手机号",$A$9,"label","Group C","是否有效回归","是")/GETPIVOTDATA("用户手机号",$A$9,"label","Group C") -> 0.42139738
A14: 总计 | B14: 571 | C14: 317 | D14: 888 | E14: =GETPIVOTDATA("用户手机号",$A$9,"是否有效回归","是")/C7 -> 0.67019027 | F14: =GETPIVOTDATA("用户手机号",$A$9,"是否有效回归","是")/GETPIVOTDATA("用户手机号",$A$9) -> 0.35698198
A16: 是否有效回归 | B16: 是
A18: label | B18: 计数项:是否有效回归 | C18: 求和项:总投注流水（本地货币） | D18: 求和项:全部ggr（本地货币） | E18: 求和项:充值金额（本地货币）
A19: Group A | B19: 76 | C19: 1617072.4 | D19: 174503.77 | E19: 177724.3
A20: Group B | B20: 48 | C20: 314525.57 | D20: 21977.2 | E20: 43287
A21: Group C | B21: 193 | C21: 2260184.2 | D21: 167864.51 | E21: 343634.85
A22: 总计 | B22: 317 | C22: 4191782.1 | D22: 364345.48 | E22: 564646.15
C24: =GETPIVOTDATA("求和项:总投注流水（本地货币）",$A$18,"label","Group A")/GETPIVOTDATA("计数项:是否有效回归",$A$18,"label","Group A") -> 21277.268 | D24: =GETPIVOTDATA("求和项:全部ggr（本地货币）",$A$18,"label","Group A")/GETPIVOTDATA("计数项:是否有效回归",$A$18,"label","Group A") -> 2296.1022 | E24: =GETPIVOTDATA("求和项:充值金额（本地货币）",$A$18,"label","Group A")/GETPIVOTDATA("计数项:是否有效回归",$A$18,"label","Group A") -> 2338.4776
C25: =GETPIVOTDATA("求和项:总投注流水（本地货币）",$A$18,"label","Group B")/GETPIVOTDATA("计数项:是否有效回归",$A$18,"label","Group B") -> 6552.616 | D25: =GETPIVOTDATA("求和项:全部ggr（本地货币）",$A$18,"label","Group B")/GETPIVOTDATA("计数项:是否有效回归",$A$18,"label","Group B") -> 457.85833 | E25: =GETPIVOTDATA("求和项:充值金额（本地货币）",$A$18,"label","Group B")/GETPIVOTDATA("计数项:是否有效回归",$A$18,"label","Group B") -> 901.8125
C26: =GETPIVOTDATA("求和项:总投注流水（本地货币）",$A$18,"label","Group C")/GETPIVOTDATA("计数项:是否有效回归",$A$18,"label","Group C") -> 11710.799 | D26: =GETPIVOTDATA("求和项:全部ggr（本地货币）",$A$18,"label","Group C")/GETPIVOTDATA("计数项:是否有效回归",$A$18,"label","Group C") -> 869.7643 | E26: =GETPIVOTDATA("求和项:充值金额（本地货币）",$A$18,"label","Group C")/GETPIVOTDATA("计数项:是否有效回归",$A$18,"label","Group C") -> 1780.4915
C27: =GETPIVOTDATA("求和项:总投注流水（本地货币）",$A$18)/GETPIVOTDATA("计数项:是否有效回归",$A$18) -> 13223.287 | D27: =GETPIVOTDATA("求和项:全部ggr（本地货币）",$A$18)/GETPIVOTDATA("计数项:是否有效回归",$A$18) -> 1149.3548 | E27: =GETPIVOTDATA("求和项:充值金额（本地货币）",$A$18)/GETPIVOTDATA("计数项:是否有效回归",$A$18) -> 1781.2181

Sheet 总表
A1: label | B1: 用户手机号 | C1: 用户id | D1: 最后登录时间 | E1: 是否有效回归 | F1: 总投注流水（usd） | G1: 总投注流水（本地货币） | H1: 体育投注流水（本地货币） | I1: 游戏投注流水（本地货币） | J1: 体育ggr（本地货币） | K1: 游戏ggr（本地货币） | L1: 全部ggr（usd） | M1: 全部ggr（本地货币） | N1: 充值金额（usd） | O1: 充值金额（本地货币） | P1: 提现金额（usd） | Q1: 提现金额（本地货币）
A2: =VLOOKUP(B2,combinate!A:B,2,FALSE) -> Group A | B2: 254725223000 | C2: 155980 | D2: 46182.808 | E2: 是 | F2: 0.53 | G2: 70 | H2: 0 | I2: 70 | J2: 0 | K2: 50.8 | L2: 0.38 | M2: 50.8 | N2: 0.36 | O2: 47.5 | P2: 0 | Q2: 0
A3: =VLOOKUP(B3,combinate!A:B,2,FALSE) -> Group B | B3: 254718564157 | C3: 173655 | D3: 46184.199 | E3: 是 | F3: 11.11 | G3: 1477 | H3: 0 | I3: 1477 | J3: 0 | K3: 543.55 | L3: 4.09 | M3: 543.55 | N3: 3.57 | O3: 475 | P3: 0 | Q3: 0
A4: =VLOOKUP(B4,combinate!A:B,2,FALSE) -> Group A | B4: 254724373010 | C4: 531341 | D4: 46183.798 | E4: 是 | F4: 24.51 | G4: 3260 | H4: 0 | I4: 3260 | J4: 0 | K4: 1038.75 | L4: 7.81 | M4: 1038.75 | N4: 7.86 | O4: 1045 | P4: 0 | Q4: 0
A5: =VLOOKUP(B5,combinate!A:B,2,FALSE) -> Group C | B5: 254742176619 | C5: 618626 | D5: 46183.603 | E5: 是 | F5: 2.57 | G5: 341.22 | H5: 0 | I5: 341.22 | J5: 0 | K5: 42.75 | L5: 0.32 | M5: 42.75 | N5: 0.32 | O5: 42.75 | P5: 0 | Q5: 0
A6: =VLOOKUP(B6,combinate!A:B,2,FALSE) -> Group C | B6: 254706761895 | C6: 2276847 | D6: 46178.495 | E6: 是 | F6: 0.05 | G6: 6.4 | H6: 0 | I6: 6.4 | J6: 0 | K6: 6.4 | L6: 0.05 | M6: 6.4 | N6: 0 | O6: 0 | P6: 0 | Q6: 0
A7: =VLOOKUP(B7,combinate!A:B,2,FALSE) -> Group C | B7: 254748338772 | C7: 2384066 | D7: 46184.417 | E7: 是 | F7: 23.58 | G7: 3136.05 | H7: 0 | I7: 3136.05 | J7: 0 | K7: 624.4 | L7: 4.69 | M7: 624.4 | N7: 4.69 | O7: 624.15 | P7: 0 | Q7: 0
A8: =VLOOKUP(B8,combinate!A:B,2,FALSE) -> Group C | B8: 254719541682 | C8: 2986269 | D8: 46177.738 | E8: 是 | F8: 17.2 | G8: 2288 | H8: 120 | I8: 2168 | J8: 120 | K8: -225.1 | L8: -0.79 | M8: -105.1 | N8: 1.43 | O8: 190 | P8: 7.52 | Q8: 1000
A9: =VLOOKUP(B9,combinate!A:B,2,FALSE) -> Group B | B9: 254701740788 | C9: 3763333 | D9: 46178.241 | E9: 是 | F9: 245.02 | G9: 32588.15 | H9: 0 | I9: 32588.15 | J9: 0 | K9: 4167.85 | L9: 31.34 | M9: 4167.85 | N9: 26.42 | O9: 3514.05 | P9: 0 | Q9: 0
A10: =VLOOKUP(B10,combinate!A:B,2,FALSE) -> Group C | B10: 254714852588 | C10: 8544378 | D10: 46178.516 | E10: 否 | F10: 0 | G10: 0 | H10: 0 | I10: 0 | J10: 0 | K10: 0 | L10: 0 | M10: 0 | N10: 0 | O10: 0 | P10: 0 | Q10: 0
A11: =VLOOKUP(B11,combinate!A:B,2,FALSE) -> Group A | B11: 254706989984 | C11: 10554370 | D11: 46162.339 | E11: 否 | F11: 0 | G11: 0 | H11: 0 | I11: 0 | J11: 0 | K11: 0 | L11: 0 | M11: 0 | N11: 0 | O11: 0 | P11: 0 | Q11: 0
A12: =VLOOKUP(B12,combinate!A:B,2,FALSE) -> Group B | B12: 254794321132 | C12: 10895675 | D12: 46179.32 | E12: 是 | F12: 0.71 | G12: 95 | H12: 95 | I12: 0 | J12: 95 | K12: 0 | L12: 0.71 | M12: 95 | N12: 0.71 | O12: 95 | P12: 0 | Q12: 0
A13: =VLOOKUP(B13,combinate!A:B,2,FALSE) -> Group C | B13: 254718004064 | C13: 10962028 | D13: 46161.413 | E13: 否 | F13: 0 | G13: 0 | H13: 0 | I13: 0 | J13: 0 | K13: 0 | L13: 0 | M13: 0 | N13: 0 | O13: 0 | P13: 0 | Q13: 0
... A889: =VLOOKUP(B889,combinate!A:B,2,FALSE) -> Group A | B889: 254729893155 | C889: 20267270 | D889: 46163.17 | E889: 否 | F889: 0 | G889: 0 | H889: 0 | I889: 0 | J889: 0 | K889: 0 | L889: 0 | M889: 0 | N889: 0 | O889: 0 | P889: 0 | Q889: 0
